Workbook

Sheet الشمالي
A1: المحطة | B1: المحول | C1: الجهد | D1: تاريخ العينة | E1: تاريخ التحليل | F1: حتى اليوم | G1: O2 | H1: N2 | I1: O2/N2 | J1: H2 | K1: CO2 | L1: C2H4 | M1: C2H6 | N1: C2H2 | O1: CH4 | P1: CO | Q1: Result of analysis | R1: DGA | S1: C.Recommended | T1: تاريخ إعادة التحليل | U1: عمود3 | V1: الحالة | W1: CO2 / CO | X1: C2H2/ C2H4 | Y1: C2H4/ C2H6 | Z1: CH4 /H2 | AA1: عمود2
A2: اسمنت العريش | B2: 3 | C2: 220 / 11 | D2: 45895 | F2: =IFERROR(DATEDIF(D2,TODAY(),"YM") & " m " & DATEDIF(D2,TODAY(),"MD") & " D "," ") -> 3 m 20 D | G2: 51327 | H2: 258560 | I2: =G2/H2 -> 0.19851098 | J2: 122 | K2: 3092 | L2: 1 | M2: 2 | N2: 0 | O2: 1 | P2: 276 | Q2: T3 | R2: S3 | S2: R3 | T2: =IFERROR(IF(U2>=1,EDATE(D2,U2),"غير محدد"),"غير محدد") -> 45987 | U2: {=IFERROR(MID(S2,MATCH(TRUE,ISNUMBER(1*MID(S2,ROW($1:$11),1)),0),COUNT(1*MID(S2,ROW($1:$11),1))),"غير محدد")} -> 3 | V2: يحتاج الى إعادة | W2: =الشمالي!$K126/الشمالي!$P126 -> 5.26 | X2: =N2/L2 -> 0 | Y2: =L2/M2 -> 0.5 | Z2: =O2/J2 -> 0.0081967213 | AA2: =IFERROR(DATEDIF(T2,TODAY(),"MD") & " ","0 ") -> 20
A3: اسمنت بني سويف | B3: 2T | C3: 66 / 11 | D3: 45245 | F3: =IFERROR(DATEDIF(D3,TODAY(),"YM") & " m " & DATEDIF(D3,TODAY(),"MD") & " D "," ") -> 1 m 1 D | G3: 33066 | H3: 91013 | I3: =G3/H3 -> 0.36331074 | J3: 76 | K3: 3838 | L3: 4 | M3: 4 | N3: 0 | O3: 3 | P3: 201 | Q3: T3 | R3: S3 | S3: R | T3: =IFERROR(IF(U3>=1,EDATE(D3,U3),"غير محدد"),"غير محدد") -> غير محدد | U3: {=IFERROR(MID(S3,MATCH(TRUE,ISNUMBER(1*MID(S3,ROW($1:$12),1)),0),COUNT(1*MID(S3,ROW($1:$12),1))),"غير محدد")} -> غير محدد | V3: تم | W3: =الشمالي!$K3/الشمالي!$P3 -> 19.094527 | X3: =N3/L3 -> 0 | Y3: =L3/M3 -> 1 | Z3: =O3/J3 -> 0.039473684 | AA3: =IFERROR(DATEDIF(T3,TODAY(),"MD") & " ","0 ") -> 0
A4: اسمنت بني سويف | B4: 2T | C4: 66 / 11 | D4: 45403 | F4: =IFERROR(DATEDIF(D4,TODAY(),"YM") & " m " & DATEDIF(D4,TODAY(),"MD") & " D "," ") -> 7 m 25 D | G4: 47010 | H4: 76983 | I4: =G4/H4 -> 0.6106543 | J4: 41 | K4: 2390 | L4: 5 | M4: 3 | N4: 0 | O4: 1 | P4: 80 | Q4: T3 | R4: S3 | S4: R1 | T4: =IFERROR(IF(U4>=1,EDATE(D4,U4),"غير محدد"),"غير محدد") -> 45433 | U4: {=IFERROR(MID(S4,MATCH(TRUE,ISNUMBER(1*MID(S4,ROW($1:$12),1)),0),COUNT(1*MID(S4,ROW($1:$12),1))),"غير محدد")} -> 1 | V4: تم | W4: =الشمالي!$K5/الشمالي!$P5 -> 13.727891 | X4: =N4/L4 -> 0 | Y4: =L4/M4 -> 1.6666667 | Z4: =O4/J4 -> 0.024390244 | AA4: =IFERROR(DATEDIF(T4,TODAY(),"MD") & " ","0 ") -> 25
A5: اسمنت بني سويف | B5: 2T | C5: 66 / 11 | D5: 45403 | F5: =IFERROR(DATEDIF(D5,TODAY(),"YM") & " m " & DATEDIF(D5,TODAY(),"MD") & " D "," ") -> 7 m 25 D | G5: 21550 | H5: 63757 | I5: =G5/H5 -> 0.3380021 | J5: 123 | K5: 2018 | L5: 1 | M5: 3 | N5: 0 | O5: 1 | P5: 147 | Q5: T3 | R5: S3 | S5: R1 | T5: =IFERROR(IF(U5>=1,EDATE(D5,U5),"غير محدد"),"غير محدد") -> 45433 | U5: {=IFERROR(MID(S5,MATCH(TRUE,ISNUMBER(1*MID(S5,ROW($1:$12),1)),0),COUNT(1*MID(S5,ROW($1:$12),1))),"غير محدد")} -> 1 | V5: يحتاج الى إعادة | W5: =الشمالي!$K6/الشمالي!$P6 -> 5.0441176 | X5: =N5/L5 -> 0 | Y5: =L5/M5 -> 0.33333333 | Z5: =O5/J5 -> 0.0081300813 | AA5: =IFERROR(DATEDIF(T5,TODAY(),"MD") & " ","0 ") -> 25
A6: اسمنت جنوب الوادي | B6: 1T | C6: 66 / 11 | D6: 45245 | F6: =IFERROR(DATEDIF(D6,TODAY(),"YM") & " m " & DATEDIF(D6,TODAY(),"MD") & " D "," ") -> 1 m 1 D | G6: 1519 | H6: 68082 | I6: =G6/H6 -> 0.02231133 | J6: 5 | K6: 2744 | L6: 3 | M6: 2 | N6: 0 | O6: 4 | P6: 544 | Q6: T2 | R6: S2 | S6: R | T6: =IFERROR(IF(U6>=1,EDATE(D6,U6),"غير محدد"),"غير محدد") -> غير محدد | U6: {=IFERROR(MID(S6,MATCH(TRUE,ISNUMBER(1*MID(S6,ROW($1:$12),1)),0),COUNT(1*MID(S6,ROW($1:$12),1))),"غير محدد")} -> غير محدد | V6: يحتاج الى إعادة | W6: =الشمالي!$K4/الشمالي!$P4 -> 29.875 | X6: =N6/L6 -> 0 | Y6: =L6/M6 -> 1.5 | Z6: =O6/J6 -> 0.8 | AA6: =IFERROR(DATEDIF(T6,TODAY(),"MD") & " ","0 ") -> 0
A7: الشواشنة | B7: T1 | C7: 66 / 11 | D7: 45572 | F7: =IFERROR(DATEDIF(D7,TODAY(),"YM") & " m " & DATEDIF(D7,TODAY(),"MD") & " D "," ") -> 2 m 9 D | G7: 11446 | H7: 75729 | I7: =G7/H7 -> 0.15114421 | J7: 121 | K7: 3689 | L7: 2 | M7: 5 | N7: 0 | O7: 5 | P7: 352 | Q7: T2 | R7: س2 | S7: R1 | T7: =IFERROR(IF(U7>=1,EDATE(D7,U7),"غير محدد"),"غير محدد") -> 45603 | U7: {=IFERROR(MID(S7,MATCH(TRUE,ISNUMBER(1*MID(S7,ROW($1:$12),1)),0),COUNT(1*MID(S7,ROW($1:$12),1))),"غير محدد")} -> 1 | V7: يحتاج الى إعادة | W7: =الشمالي!$K14/الشمالي!$P14 -> 5.3018182 | X7: =N7/L7 -> 0 | Y7: =L7/M7 -> 0.4 | Z7: =O7/J7 -> 0.041322314 | AA7: =IFERROR(DATEDIF(T7,TODAY(),"MD") & " ","0 ") -> 9
A8: الفشن | B8: 3T | C8: 66 / 11 | D8: 45287 | F8: =IFERROR(DATEDIF(D8,TODAY(),"YM") & " m " & DATEDIF(D8,TODAY(),"MD") & " D "," ") -> 11 m 19 D | G8: 24081 | H8: 80418 | I8: =G8/H8 -> 0.29944788 | J8: 44 | K8: 3495 | L8: 2 | M8: 3 | N8: 0 | O8: 5 | P8: 312 | Q8: - | R8: S2 | S8: R | T8: =IFERROR(IF(U8>=1,EDATE(D8,U8),"غير محدد"),"غير محدد") -> غير محدد | U8: {=IFERROR(MID(S8,MATCH(TRUE,ISNUMBER(1*MID(S8,ROW($1:$12),1)),0),COUNT(1*MID(S8,ROW($1:$12),1))),"غير محدد")} -> غير محدد | V8: تم | W8: =الشمالي!$K8/الشمالي!$P8 -> 11.201923 | X8: =N8/L8 -> 0 | Y8: =L8/M8 -> 0.66666667 | Z8: =O8/J8 -> 0.11363636 | AA8: =IFERROR(DATEDIF(T8,TODAY(),"MD") & " ","0 ") -> 0
A9: الفشن | B9: 3T | C9: 66 / 11 | D9: 45403 | F9: =IFERROR(DATEDIF(D9,TODAY(),"YM") & " m " & DATEDIF(D9,TODAY(),"MD") & " D "," ") -> 7 m 25 D | G9: 34337 | H9: 79291 | I9: =G9/H9 -> 0.43305041 | J9: 53 | K9: 2784 | L9: 2 | M9: 3 | N9: 0 | O9: 2 | P9: 180 | Q9: - | R9: S2 | S9: R1 | T9: =IFERROR(IF(U9>=1,EDATE(D9,U9),"غير محدد"),"غير محدد") -> 45433 | U9: {=IFERROR(MID(S9,MATCH(TRUE,ISNUMBER(1*MID(S9,ROW($1:$12),1)),0),COUNT(1*MID(S9,ROW($1:$12),1))),"غير محدد")} -> 1 | V9: يحتاج الى إعادة | W9: =الشمالي!$K9/الشمالي!$P9 -> 15.466667 | X9: =N9/L9 -> 0 | Y9: =L9/M9 -> 0.66666667 | Z9: =O9/J9 -> 0.037735849 | AA9: =IFERROR(DATEDIF(T9,TODAY(),"MD") & " ","0 ") -> 25
A10: الفشن | B10: 3T | C10: 66 / 11 | D10: 45544 | F10: =IFERROR(DATEDIF(D10,TODAY(),"YM") & " m " & DATEDIF(D10,TODAY(),"MD") & " D "," ") -> 3 m 7 D | G10: 2710 | H10: 103123 | I10: =G10/H10 -> 0.026279298 | J10: 95 | K10: 3464 | L10: 6 | M10: 6 | N10: 0 | O10: 3 | P10: 730 | Q10: - | R10: S2 | S10: R1 | T10: =IFERROR(IF(U10>=1,EDATE(D10,U10),"غير محدد"),"غير محدد") -> 45574 | U10: {=IFERROR(MID(S10,MATCH(TRUE,ISNUMBER(1*MID(S10,ROW($1:$12),1)),0),COUNT(1*MID(S10,ROW($1:$12),1))),"غير محدد")} -> 1 | V10: يحتاج الى إعادة | W10: =الشمالي!$K10/الشمالي!$P10 -> 4.7452055 | X10: =N10/L10 -> 0 | Y10: =L10/M10 -> 1 | Z10: =O10/J10 -> 0.031578947 | AA10: =IFERROR(DATEDIF(T10,TODAY(),"MD") & " ","0 ") -> 7
A11: الفشن | B11: 4T | C11: 66 / 11 | D11: 45179 | F11: =IFERROR(DATEDIF(D11,TODAY(),"YM") & " m " & DATEDIF(D11,TODAY(),"MD") & " D "," ") -> 3 m 6 D | G11: 40544 | H11: 102294 | I11: =G11/H11 -> 0.39634778 | J11: 44 | K11: 888 | L11: 3 | M11: 2 | N11: 0 | O11: 1 | P11: 52 | Q11: - | R11: S2 | S11: R | T11: =IFERROR(IF(U11>=1,EDATE(D11,U11),"غير محدد"),"غير محدد") -> غير محدد | U11: {=IFERROR(MID(S11,MATCH(TRUE,ISNUMBER(1*MID(S11,ROW($1:$12),1)),0),COUNT(1*MID(S11,ROW($1:$12),1))),"غير محدد")} -> غير محدد | V11: تم | W11: =الشمالي!$K11/الشمالي!$P11 -> 17.076923 | X11: =N11/L11 -> 0 | Y11: =L11/M11 -> 1.5 | Z11: =O11/J11 -> 0.022727273 | AA11: =IFERROR(DATEDIF(T11,TODAY(),"MD") & " ","0 ") -> 0
A12: الفشن | B12: 4T | C12: 66 / 11 | D12: 45287 | F12: =IFERROR(DATEDIF(D12,TODAY(),"YM") & " m " & DATEDIF(D12,TODAY(),"MD") & " D "," ") -> 11 m 19 D | G12: 32205 | H12: 71389 | I12: =G12/H12 -> 0.45111992 | J12: 48 | K12: 1556 | L12: 3 | M12: 1 | N12: 0 | O12: 3 | P12: 179 | Q12: T2 | R12: S3 | S12: R | T12: =IFERROR(IF(U12>=1,EDATE(D12,U12),"غير محدد"),"غير محدد") -> غير محدد | U12: {=IFERROR(MID(S12,MATCH(TRUE,ISNUMBER(1*MID(S12,ROW($1:$12),1)),0),COUNT(1*MID(S12,ROW($1:$12),1))),"غير محدد")} -> غير محدد | V12: تم | W12: =الشمالي!$K12/الشمالي!$P12 -> 8.6927374 | X12: =N12/L12 -> 0 | Y12: =L12/M12 -> 3 | Z12: =O12/J12 -> 0.0625 | AA12: =IFERROR(DATEDIF(T12,TODAY(),"MD") & " ","0 ") -> 0
A13: الفشن | B13: 4T | C13: 66 / 11 | D13: 45403 | F13: =IFERROR(DATEDIF(D13,TODAY(),"YM") & " m " & DATEDIF(D13,TODAY(),"MD") & " D "," ") -> 7 m 25 D | G13: 48658 | H13: 69315 | I13: =G13/H13 -> 0.7019837 | J13: 43 | K13: 1285 | L13: 1 | M13: 1 | N13: 0 | O13: 2 | P13: 91 | Q13: T2 | R13: S3 | S13: R1 | T13: =IFERROR(IF(U13>=1,EDATE(D13,U13),"غير محدد"),"غير محدد") -> 45433 | U13: {=IFERROR(MID(S13,MATCH(TRUE,ISNUMBER(1*MID(S13,ROW($1:$12),1)),0),COUNT(1*MID(S13,ROW($1:$12),1))),"غير محدد")} -> 1 | V13: يحتاج الى إعادة | W13: =الشمالي!$K13/الشمالي!$P13 -> 14.120879 | X13: =N13/L13 -> 0 | Y13: =L13/M13 -> 1 | Z13: =O13/J13 -> 0.046511628 | AA13: =IFERROR(DATEDIF(T13,TODAY(),"MD") & " ","0 ") -> 25
A14: القاهرة 500 | B14: 1T PH a | C14: 500 / 220 | D14: 44973 | F14: =IFERROR(DATEDIF(D14,TODAY(),"YM") & " m " & DATEDIF(D14,TODAY(),"MD") & " D "," ") -> 10 m 0 D | G14: 1806 | H14: 65468 | I14: =G14/H14 -> 0.027585996 | J14: 183 | K14: 2916 | L14: 5 | M14: 9 | N14: 0 | O14: 26 | P14: 550 | Q14: T1 | R14: 2 | S14: R | T14: =IFERROR(IF(U14>=1,EDATE(D14,U14),"غير محدد"),"غير محدد") -> غير محدد | U14: {=IFERROR(MID(S14,MATCH(TRUE,ISNUMBER(1*MID(S14,ROW($1:$12),1)),0),COUNT(1*MID(S14,ROW($1:$12),1))),"غير محدد")} -> غير محدد | V14: تم | W14: =الشمالي!$K15/الشمالي!$P15 -> 6.8874172 | X14: =N14/L14 -> 0 | Y14: =L14/M14 -> 0.55555556 | Z14: =O14/J14 -> 0.1420765 | AA14: =IFERROR(DATEDIF(T14,TODAY(),"MD") & " ","0 ") -> 0
A15: القاهرة 500 | B15: 1T PH a | C15: 500 / 220 | D15: 45013 | F15: =IFERROR(DATEDIF(D15,TODAY(),"YM") & " m " & DATEDIF(D15,TODAY(),"MD") & " D "," ") -> 8 m 18 D | G15: 4938 | H15: 48706 | I15: =G15/H15 -> 0.10138381 | J15: 28 | K15: 1040 | L15: 3 | M15: 3 | N15: 0 | O15: 1 | P15: 151 | Q15: N | R15: 1 | S15: S | T15: =IFERROR(IF(U15>=1,EDATE(D15,U15),"غير محدد"),"غير محدد") -> غير محدد | U15: {=IFERROR(MID(S15,MATCH(TRUE,ISNUMBER(1*MID(S15,ROW($1:$12),1)),0),COUNT(1*MID(S15,ROW($1:$12),1))),"غير محدد")} -> غير محدد | V15: تم | W15: =الشمالي!$K16/الشمالي!$P16 -> 10.830131 | X15: =N15/L15 -> 0 | Y15: =L15/M15 -> 1 | Z15: =O15/J15 -> 0.035714286 | AA15: =IFERROR(DATEDIF(T15,TODAY(),"MD") & " ","0 ") -> 0
A16: القاهرة 500 | B16: 1T PH B | C16: 500 / 220 | D16: 45342 | F16: =IFERROR(DATEDIF(D16,TODAY(),"YM") & " m " & DATEDIF(D16,TODAY(),"MD") & " D "," ") -> 9 m 26 D | G16: 27737 | H16: 103148 | I16: =G16/H16 -> 0.26890487 | J16: 10 | K16: 10711 | L16: 12 | M16: 1 | N16: 0 | O16: 3 | P16: 989 | Q16: - | R16: S3 | S16: R3 | T16: =IFERROR(IF(U16>=1,EDATE(D16,U16),"غير محدد"),"غير محدد") -> 45432 | U16: {=IFERROR(MID(S16,MATCH(TRUE,ISNUMBER(1*MID(S16,ROW($1:$12),1)),0),COUNT(1*MID(S16,ROW($1:$12),1))),"غير محدد")} -> 3 | V16: يحتاج الى إعادة | W16: =الشمالي!$K17/الشمالي!$P17 -> 14.144538 | X16: =N16/L16 -> 0 | Y16: =L16/M16 -> 12 | Z16: =O16/J16 -> 0.3 | AA16: =IFERROR(DATEDIF(T16,TODAY(),"MD") & " ","0 ") -> 26
A17: القاهرة 500 | B17: 1T PH C | C17: 500 / 220 | D17: 44973 | F17: =IFERROR(DATEDIF(D17,TODAY(),"YM") & " m " & DATEDIF(D17,TODAY(),"MD") & " D "," ") -> 10 m 0 D | G17: 1116 | H17: 59966 | I17: =G17/H17 -> 0.018610546 | J17: 119 | K17: 8416 | L17: 14 | M17: 5 | N17: 0 | O17: 13 | P17: 595 | Q17: T3 | R17: 2 | S17: R | T17: =IFERROR(IF(U17>=1,EDATE(D17,U17),"غير محدد"),"غير محدد") -> غير محدد | U17: {=IFERROR(MID(S17,MATCH(TRUE,ISNUMBER(1*MID(S17,ROW($1:$12),1)),0),COUNT(1*MID(S17,ROW($1:$12),1))),"غير محدد")} -> غير محدد | V17: تم | W17: =الشمالي!$K18/الشمالي!$P18 -> 11.282759 | X17: =N17/L17 -> 0 | Y17: =L17/M17 -> 2.8 | Z17: =O17/J17 -> 0.1092437 | AA17: =IFERROR(DATEDIF(T17,TODAY(),"MD") & " ","0 ") -> 0
A18: القاهرة 500 | B18: 1T PH C | C18: 500 / 220 | D18: 45013 | F18: =IFERROR(DATEDIF(D18,TODAY(),"YM") & " m " & DATEDIF(D18,TODAY(),"MD") & " D "," ") -> 8 m 18 D | G18: 2471 | H18: 42343 | I18: =G18/H18 -> 0.058356753 | J18: 11 | K18: 1636 | L18: 2 | M18: 20 | N18: 0 | O18: 1 | P18: 145 | Q18: N | R18: 1 | S18: S | T18: =IFERROR(IF(U18>=1,EDATE(D18,U18),"غير محدد"),"غير محدد") -> غير محدد | U18: {=IFERROR(MID(S18,MATCH(TRUE,ISNUMBER(1*MID(S18,ROW($1:$12),1)),0),COUNT(1*MID(S18,ROW($1:$12),1))),"غير محدد")} -> غير محدد | V18: تم | W18: =الشمالي!$K19/الشمالي!$P19 -> 10.15122 | X18: =N18/L18 -> 0 | Y18: =L18/M18 -> 0.1 | Z18: =O18/J18 -> 0.090909091 | AA18: =IFERROR(DATEDIF(T18,TODAY(),"MD") & " ","0 ") -> 0
A19: القاهرة 500 | B19: 1T PH C | C19: 500 / 220 | D19: 45342 | F19: =IFERROR(DATEDIF(D19,TODAY(),"YM") & " m " & DATEDIF(D19,TODAY(),"MD") & " D "," ") -> 9 m 26 D | G19: 13209 | H19: 63536 | I19: =G19/H19 -> 0.20789788 | J19: 11 | K19: 6243 | L19: 2 | M19: 10 | N19: 0 | O19: 13 | P19: 615 | Q19: T1 | R19: S3 | S19: R3 | T19: =IFERROR(IF(U19>=1,EDATE(D19,U19),"غير محدد"),"غير محدد") -> 45432 | U19: {=IFERROR(MID(S19,MATCH(TRUE,ISNUMBER(1*MID(S19,ROW($1:$12),1)),0),COUNT(1*MID(S19,ROW($1:$12),1))),"غير محدد")} -> 3 | V19: تم | W19: =الشمالي!$K21/الشمالي!$P21 -> 3.7647059 | X19: =N19/L19 -> 0 | Y19: =L19/M19 -> 0.2 | Z19: =O19/J19 -> 1.1818182 | AA19: =IFERROR(DATEDIF(T19,TODAY(),"MD") & " ","0 ") -> 26
A20: القاهرة 500 | B20: 1T PH C | C20: 500 / 220 | D20: 45882 | E20: 45924 | F20: =IFERROR(DATEDIF(D20,TODAY(),"YM") & " m " & DATEDIF(D20,TODAY(),"MD") & " D "," ") -> 4 m 3 D | G20: 10651 | H20: 132059 | I20: =G20/H20 -> 0.080653344 | J20: 38 | K20: 14806 | L20: 191 | M20: 114 | N20: 0 | O20: 35 | P20: 792 | Q20: T3 | R20: S3 | S20: R3 | T20: =IFERROR(IF(U20>=1,EDATE(D20,U20),"غير محدد"),"غير محدد") -> 45974 | U20: {=IFERROR(MID(S20,MATCH(TRUE,ISNUMBER(1*MID(S20,ROW($1:$12),1)),0),COUNT(1*MID(S20,ROW($1:$12),1))),"غير محدد")} -> 3 | V20: يحتاج الى إعادة | W20: =الشمالي!$K22/الشمالي!$P22 -> 5.0090498 | X20: =N20/L20 -> 0 | Y20: =L20/M20 -> 1.6754386 | Z20: =O20/J20 -> 0.92105263 | AA20: =IFERROR(DATEDIF(T20,TODAY(),"MD") & " ","0 ") -> 3
A21: القاهرة 500 | B21: 2T PH C | C21: 500 / 220 | D21: 44973 | F21: =IFERROR(DATEDIF(D21,TODAY(),"YM") & " m " & DATEDIF(D21,TODAY(),"MD") & " D "," ") -> 10 m 0 D | G21: 3540 | H21: 64138 | I21: =G21/H21 -> 0.055193489 | J21: 494 | K21: 2048 | L21: 5 | M21: 9 | N21: 0 | O21: 43 | P21: 544 | Q21: T1 | R21: 2 | S21: R | T21: =IFERROR(IF(U21>=1,EDATE(D21,U21),"غير محدد"),"غير محدد") -> غير محدد | U21: {=IFERROR(MID(S21,MATCH(TRUE,ISNUMBER(1*MID(S21,ROW($1:$12),1)),0),COUNT(1*MID(S21,ROW($1:$12),1))),"غير محدد")} -> غير محدد | V21: تم | W21: =الشمالي!$K22/الشمالي!$P22 -> 5.0090498 | X21: =N21/L21 -> 0 | Y21: =L21/M21 -> 0.55555556 | Z21: =O21/J21 -> 0.087044534 | AA21: =IFERROR(DATEDIF(T21,TODAY(),"MD") & " ","0 ") -> 0
A22: القاهرة 500 | B22: 2T PH C | C22: 500 / 220 | D22: 45013 | F22: =IFERROR(DATEDIF(D22,TODAY(),"YM") & " m " & DATEDIF(D22,TODAY(),"MD") & " D "," ") -> 8 m 18 D | G22: 2204 | H22: 31371 | I22: =G22/H22 -> 0.070255969 | J22: 74 | K22: 1107 | L22: 3 | M22: 7 | N22: 0 | O22: 4 | P22: 221 | Q22: N | R22: 1 | S22: S | T22: =IFERROR(IF(U22>=1,EDATE(D22,U22),"غير محدد"),"غير محدد") -> غير محدد | U22: {=IFERROR(MID(S22,MATCH(TRUE,ISNUMBER(1*MID(S22,ROW($1:$12),1)),0),COUNT(1*MID(S22,ROW($1:$12),1))),"غير محدد")} -> غير محدد | V22: تم | W22: =الشمالي!$K23/الشمالي!$P23 -> 5.6191223 | X22: =N22/L22 -> 0 | Y22: =L22/M22 -> 0.42857143 | Z22: =O22/J22 -> 0.054054054 | AA22: =IFERROR(DATEDIF(T22,TODAY(),"MD") & " ","0 ") -> 0
A23: القاهرة 500 | B23: 2T PH C | C23: 500 / 220 | D23: 45342 | F23: =IFERROR(DATEDIF(D23,TODAY(),"YM") & " m " & DATEDIF(D23,TODAY(),"MD") & " D "," ") -> 9 m 26 D | G23: 5825 | H23: 71136 | I23: =G23/H23 -> 0.081885403 | J23: 305 | K23: 3585 | L23: 2 | M23: 34 | N23: 0 | O23: 37 | P23: 638 | Q23: T1 | R23: S3 | S23: R1 | T23: =IFERROR(IF(U23>=1,EDATE(D23,U23),"غير محدد"),"غير محدد") -> 45371 | U23: {=IFERROR(MID(S23,MATCH(TRUE,ISNUMBER(1*MID(S23,ROW($1:$12),1)),0),COUNT(1*MID(S23,ROW($1:$12),1))),"غير محدد")} -> 1 | V23: تم | W23: =الشمالي!$K24/الشمالي!$P24 -> 6.244898 | X23: =N23/L23 -> 0 | Y23: =L23/M23 -> 0.058823529 | Z23: =O23/J23 -> 0.12131148 | AA23: =IFERROR(DATEDIF(T23,TODAY(),"MD") & " ","0 ") -> 26
A24: القاهرة 500 | B24: 2T PH C | C24: 500 / 220 | D24: 45372 | F24: =IFERROR(DATEDIF(D24,TODAY(),"YM") & " m " & DATEDIF(D24,TODAY(),"MD") & " D "," ") -> 8 m 25 D | G24: 1240 | H24: 56428 | I24: =G24/H24 -> 0.021974906 | J24: 107 | K24: 3060 | L24: 27 | M24: 4 | N24: 0 | O24: 57 | P24: 490 | Q24: T2 | R24: S3 | S24: R&I1 | T24: =IFERROR(IF(U24>=1,EDATE(D24,U24),"غير محدد"),"غير محدد") -> 45403 | U24: {=IFERROR(MID(S24,MATCH(TRUE,ISNUMBER(1*MID(S24,ROW($1:$12),1)),0),COUNT(1*MID(S24,ROW($1:$12),1))),"غير محدد")} -> 1 | V24: تم | W24: =الشمالي!$K26/الشمالي!$P26 -> 4.4288425 | X24: =N24/L24 -> 0 | Y24: =L24/M24 -> 6.75 | Z24: =O24/J24 -> 0.53271028 | AA24: =IFERROR(DATEDIF(T24,TODAY(),"MD") & " ","0 ") -> 25
A25: القاهرة 500 | B25: 2T PH C | C25: 500 / 220 | D25: 45406 | F25: =IFERROR(DATEDIF(D25,TODAY(),"YM") & " m " & DATEDIF(D25,TODAY(),"MD") & " D "," ") -> 7 m 22 D | G25: 8075 | H25: 66021 | I25: =G25/H25 -> 0.12230957 | J25: 400 | K25: 2812 | L25: 7 | M25: 22 | N25: 0 | O25: 63 | P25: 594 | Q25: T1 | R25: S3 | S25: I | T25: =IFERROR(IF(U25>=1,EDATE(D25,U25),"غير محدد"),"غير محدد") -> غير محدد | U25: {=IFERROR(MID(S25,MATCH(TRUE,ISNUMBER(1*MID(S25,ROW($1:$12),1)),0),COUNT(1*MID(S25,ROW($1:$12),1))),"غير محدد")} -> غير محدد | V25: تم | W25: =الشمالي!$K27/الشمالي!$P27 -> 14.362205 | X25: =N25/L25 -> 0 | Y25: =L25/M25 -> 0.31818182 | Z25: =O25/J25 -> 0.1575 | AA25: =IFERROR(DATEDIF(T25,TODAY(),"MD") & " ","0 ") -> 0
A26: القاهرة 500 | B26: 2T PH C | C26: 500 / 220 | D26: 45756 | F26: =IFERROR(DATEDIF(D26,TODAY(),"YM") & " m " & DATEDIF(D26,TODAY(),"MD") & " D "," ") -> 8 m 7 D | G26: 1984 | H26: 50540 | I26: =G26/H26 -> 0.039256035 | J26: 325 | K26: 4668 | L26: 11 | M26: 53 | N26: 0 | O26: 2 | P26: 1054 | Q26: T3 | R26: S3 | S26: R1 | T26: =IFERROR(IF(U26>=1,EDATE(D26,U26),"غير محدد"),"غير محدد") -> 45786 | U26: {=IFERROR(MID(S26,MATCH(TRUE,ISNUMBER(1*MID(S26,ROW($1:$12),1)),0),COUNT(1*MID(S26,ROW($1:$12),1))),"غير محدد")} -> 1 | V26: يحتاج الى إعادة | W26: =الشمالي!$K28/الشمالي!$P28 -> 7.475 | X26: =N26/L26 -> 0 | Y26: =L26/M26 -> 0.20754717 | Z26: =O26/J26 -> 0.0061538462 | AA26: =IFERROR(DATEDIF(T26,TODAY(),"MD") & " ","0 ") -> 7
A27: الكوم الأحمر | B27: 4t | C27: 66 / 11 | D27: 45208 | F27: =IFERROR(DATEDIF(D27,TODAY(),"YM") & " m " & DATEDIF(D27,TODAY(),"MD") & " D "," ") -> 2 m 7 D | G27: 885 | H27: 92884 | I27: =G27/H27 -> 0.0095280134 | J27: 147 | K27: 1824 | L27: 2 | M27: 15 | N27: 0 | O27: 1 | P27: 127 | Q27: - | R27: S2 | S27: R | T27: =IFERROR(IF(U27>=1,EDATE(D27,U27),"غير محدد"),"غير محدد") -> غير محدد | U27: {=IFERROR(MID(S27,MATCH(TRUE,ISNUMBER(1*MID(S27,ROW($1:$12),1)),0),COUNT(1*MID(S27,ROW($1:$12),1))),"غير محدد")} -> غير محدد | V27: تم | W27: =الشمالي!$K28/الشمالي!$P28 -> 7.475 | X27: =N27/L27 -> 0 | Y27: =L27/M27 -> 0.13333333 | Z27: =O27/J27 -> 0.0068027211 | AA27: =IFERROR(DATEDIF(T27,TODAY(),"MD") & " ","0 ") -> 0
A28: الكوم الأحمر | B28: 4t | C28: 66 / 11 | D28: 45287 | F28: =IFERROR(DATEDIF(D28,TODAY(),"YM") & " m " & DATEDIF(D28,TODAY(),"MD") & " D "," ") -> 11 m 19 D | G28: 13216 | H28: 87028 | I28: =G28/H28 -> 0.15185917 | J28: 251 | K28: 2990 | L28: 3 | M28: 28 | N28: 0 | O28: 11 | P28: 400 | Q28: T2 | R28: S3 | S28: R&I | T28: =IFERROR(IF(U28>=1,EDATE(D28,U28),"غير محدد"),"غير محدد") -> غير محدد | U28: {=IFERROR(MID(S28,MATCH(TRUE,ISNUMBER(1*MID(S28,ROW($1:$12),1)),0),COUNT(1*MID(S28,ROW($1:$12),1))),"غير محدد")} -> غير محدد | V28: تم | W28: =الشمالي!$K29/الشمالي!$P29 -> 12.897849 | X28: =N28/L28 -> 0 | Y28: =L28/M28 -> 0.10714286 | Z28: =O28/J28 -> 0.043824701 | AA28: =IFERROR(DATEDIF(T28,TODAY(),"MD") & " ","0 ") -> 0
A29: الكوم الأحمر | B29: 4t | C29: 66 / 11 | D29: 45403 | F29: =IFERROR(DATEDIF(D29,TODAY(),"YM") & " m " & DATEDIF(D29,TODAY(),"MD") & " D "," ") -> 7 m 25 D | G29: 18388 | H29: 61622 | I29: =G29/H29 -> 0.29839992 | J29: 196 | K29: 2399 | L29: 1 | M29: 18 | N29: 0 | O29: 5 | P29: 186 | Q29: T2 | R29: S3 | S29: R1 | T29: =IFERROR(IF(U29>=1,EDATE(D29,U29),"غير محدد"),"غير محدد") -> 45433 | U29: {=IFERROR(MID(S29,MATCH(TRUE,ISNUMBER(1*MID(S29,ROW($1:$12),1)),0),COUNT(1*MID(S29,ROW($1:$12),1))),"غير محدد")} -> 1 | V29: يحتاج الى إعادة | W29: =الشمالي!$K30/الشمالي!$P30 -> 9.7190476 | X29: =N29/L29 -> 0 | Y29: =L29/M29 -> 0.055555556 | Z29: =O29/J29 -> 0.025510204 | AA29: =IFERROR(DATEDIF(T29,TODAY(),"MD") & " ","0 ") -> 25
A30: الكوم الأحمر | B30: 5T | C30: 66 / 11 | D30: 45208 | F30: =IFERROR(DATEDIF(D30,TODAY(),"YM") & " m " & DATEDIF(D30,TODAY(),"MD") & " D "," ") -> 2 m 7 D | G30: 792 | H30: 96679 | I30: =G30/H30 -> 0.0081920583 | J30: 114 | K30: 2041 | L30: 2 | M30: 9 | N30: 0 | O30: 1 | P30: 210 | Q30: - | R30: S2 | S30: R | T30: =IFERROR(IF(U30>=1,EDATE(D30,U30),"غير محدد"),"غير محدد") -> غير محدد | U30: {=IFERROR(MID(S30,MATCH(TRUE,ISNUMBER(1*MID(S30,ROW($1:$12),1)),0),COUNT(1*MID(S30,ROW($1:$12),1))),"غير محدد")} -> غير محدد | V30: تم | W30: =الشمالي!$K31/الشمالي!$P31 -> 7.407767 | X30: =N30/L30 -> 0 | Y30: =L30/M30 -> 0.22222222 | Z30: =O30/J30 -> 0.0087719298 | AA30: =IFERROR(DATEDIF(T30,TODAY(),"MD") & " ","0 ") -> 0
A31: الكوم الأحمر | B31: 5T | C31: 66 / 11 | D31: 45287 | F31: =IFERROR(DATEDIF(D31,TODAY(),"YM") & " m " & DATEDIF(D31,TODAY(),"MD") & " D "," ") -> 11 m 19 D | G31: 16117 | H31: 77962 | I31: =G31/H31 -> 0.20672892 | J31: 134 | K31: 3052 | L31: 1 | M31: 17 | N31: 0 | O31: 14 | P31: 412 | Q31: T2 | R31: S3 | S31: R&I | T31: =IFERROR(IF(U31>=1,EDATE(D31,U31),"غير محدد"),"غير محدد") -> غير محدد | U31: {=IFERROR(MID(S31,MATCH(TRUE,ISNUMBER(1*MID(S31,ROW($1:$12),1)),0),COUNT(1*MID(S31,ROW($1:$12),1))),"غير محدد")} -> غير محدد | V31: تم | W31: =الشمالي!$K32/الشمالي!$P32 -> 13.118557 | X31: =N31/L31 -> 0 | Y31: =L31/M31 -> 0.058823529 | Z31: =O31/J31 -> 0.10447761 | AA31: =IFERROR(DATEDIF(T31,TODAY(),"MD") & " ","0 ") -> 0
A32: الكوم الأحمر | B32: 5T | C32: 66 / 11 | D32: 45403 | F32: =IFERROR(DATEDIF(D32,TODAY(),"YM") & " m " & DATEDIF(D32,TODAY(),"MD") & " D "," ") -> 7 m 25 D | G32: 19043 | H32: 65523 | I32: =G32/H32 -> 0.29063077 | J32: 178 | K32: 2545 | L32: 1 | M32: 5 | N32: 0 | O32: 3 | P32: 194 | Q32: T2 | R32: S3 | S32: R1 | T32: =IFERROR(IF(U32>=1,EDATE(D32,U32),"غير محدد"),"غير محدد") -> 45433 | U32: {=IFERROR(MID(S32,MATCH(TRUE,ISNUMBER(1*MID(S32,ROW($1:$12),1)),0),COUNT(1*MID(S32,ROW($1:$12),1))),"غير محدد")} -> 1 | V32: يحتاج الى إعادة | W32: =الشمالي!$K33/الشمالي!$P33 -> 13.815385 | X32: =N32/L32 -> 0 | Y32: =L32/M32 -> 0.2 | Z32: =O32/J32 -> 0.016853933 | AA32: =IFERROR(DATEDIF(T32,TODAY(),"MD") & " ","0 ") -> 25
A33: الكوم الأحمر | B33: 6T | C33: 66 / 11 | D33: 45208 | F33: =IFERROR(DATEDIF(D33,TODAY(),"YM") & " m " & DATEDIF(D33,TODAY(),"MD") & " D "," ") -> 2 m 7 D | G33: 822 | H33: 82803 | I33: =G33/H33 -> 0.0099271766 | J33: 174 | K33: 1796 | L33: 2 | M33: 3 | N33: 0 | O33: 1 | P33: 130 | Q33: - | R33: S2 | S33: R | T33: =IFERROR(IF(U33>=1,EDATE(D33,U33),"غير محدد"),"غير محدد") -> غير محدد | U33: {=IFERROR(MID(S33,MATCH(TRUE,ISNUMBER(1*MID(S33,ROW($1:$12),1)),0),COUNT(1*MID(S33,ROW($1:$12),1))),"غير محدد")} -> غير محدد | V33: تم | W33: =الشمالي!$K34/الشمالي!$P34 -> 9.1030928 | X33: =N33/L33 -> 0 | Y33: =L33/M33 -> 0.66666667 | Z33: =O33/J33 -> 0.0057471264 | AA33: =IFERROR(DATEDIF(T33,TODAY(),"MD") & " ","0 ") -> 0
A34: الكوم الأحمر | B34: 6T | C34: 66 / 11 | D34: 45287 | F34: =IFERROR(DATEDIF(D34,TODAY(),"YM") & " m " & DATEDIF(D34,TODAY(),"MD") & " D "," ") -> 11 m 19 D | G34: 21519 | H34: 68743 | I34: =G34/H34 -> 0.31303551 | J34: 81 | K34: 2649 | L34: 2 | M34: 3 | N34: 0 | O34: 4 | P34: 291 | Q34: - | R34: S2 | S34: R | T34: =IFERROR(IF(U34>=1,EDATE(D34,U34),"غير محدد"),"غير محدد") -> غير محدد | U34: {=IFERROR(MID(S34,MATCH(TRUE,ISNUMBER(1*MID(S34,ROW($1:$12),1)),0),COUNT(1*MID(S34,ROW($1:$12),1))),"غير محدد")} -> غير محدد | V34: تم | W34: =الشمالي!$K35/الشمالي!$P35 -> 13.410405 | X34: =N34/L34 -> 0 | Y34: =L34/M34 -> 0.66666667 | Z34: =O34/J34 -> 0.049382716 | AA34: =IFERROR(DATEDIF(T34,TODAY(),"MD") & " ","0 ") -> 0
A35: الكوم الأحمر | B35: 6T | C35: 66 / 11 | D35: 45403 | F35: =IFERROR(DATEDIF(D35,TODAY(),"YM") & " m " & DATEDIF(D35,TODAY(),"MD") & " D "," ") -> 7 m 25 D | G35: 21454 | H35: 64062 | I35: =G35/H35 -> 0.33489432 | J35: 65 | K35: 2320 | L35: 1 | M35: 3 | N35: 0 | O35: 1 | P35: 173 | Q35: - | R35: S2 | S35: R1 | T35: =IFERROR(IF(U35>=1,EDATE(D35,U35),"غير محدد"),"غير محدد") -> 45433 | U35: {=IFERROR(MID(S35,MATCH(TRUE,ISNUMBER(1*MID(S35,ROW($1:$12),1)),0),COUNT(1*MID(S35,ROW($1:$12),1))),"غير محدد")} -> 1 | V35: يحتاج الى إعادة | W35: =الشمالي!$K36/الشمالي!$P36 -> 20.25 | X35: =N35/L35 -> 0 | Y35: =L35/M35 -> 0.33333333 | Z35: =O35/J35 -> 0.015384615 | AA35: =IFERROR(DATEDIF(T35,TODAY(),"MD") & " ","0 ") -> 25
A36: الواسطى | B36: 3T | C36: 66 / 11 | D36: 45340 | F36: =IFERROR(DATEDIF(D36,TODAY(),"YM") & " m " & DATEDIF(D36,TODAY(),"MD") & " D "," ") -> 9 m 28 D | G36: 19108 | H36: 85274 | I36: =G36/H36 -> 0.22407768 | J36: 20 | K36: 3159 | L36: 4 | M36: 23 | N36: 0 | O36: 1 | P36: 156 | Q36: - | R36: S2 | S36: R6 | T36: =IFERROR(IF(U36>=1,EDATE(D36,U36),"غير محدد"),"غير محدد") -> 45522 | U36: {=IFERROR(MID(S36,MATCH(TRUE,ISNUMBER(1*MID(S36,ROW($1:$12),1)),0),COUNT(1*MID(S36,ROW($1:$12),1))),"غير محدد")} -> 6 | V36: يحتاج الى إعادة | W36: =الشمالي!$K37/الشمالي!$P37 -> 14.013699 | X36: =N36/L36 -> 0 | Y36: =L36/M36 -> 0.17391304 | Z36: =O36/J36 -> 0.05 | AA36: =IFERROR(DATEDIF(T36,TODAY(),"MD") & " ","0 ") -> 28
A37: اهناسيا | B37: 1T | C37: 66 / 11 | D37: 45208 | F37: =IFERROR(DATEDIF(D37,TODAY(),"YM") & " m " & DATEDIF(D37,TODAY(),"MD") & " D "," ") -> 2 m 7 D | G37: 3633 | H37: 111565 | I37: =G37/H37 -> 0.032563976 | J37: 216 | K37: 2046 | L37: 2 | M37: 7 | N37: 0 | O37: 1 | P37: 146 | Q37: T3 | R37: S3 | S37: R&I | T37: =IFERROR(IF(U37>=1,EDATE(D37,U37),"غير محدد"),"غير محدد") -> غير محدد | U37: {=IFERROR(MID(S37,MATCH(TRUE,ISNUMBER(1*MID(S37,ROW($1:$12),1)),0),COUNT(1*MID(S37,ROW($1:$12),1))),"غير محدد")} -> غير محدد | V37: تم | W37: =الشمالي!$K38/الشمالي!$P38 -> 9.4778761 | X37: =N37/L37 -> 0 | Y37: =L37/M37 -> 0.28571429 | Z37: =O37/J37 -> 0.0046296296 | AA37: =IFERROR(DATEDIF(T37,TODAY(),"MD") & " ","0 ") -> 0
A38: اهناسيا | B38: 1T | C38: 66 / 11 | D38: 45287 | F38: =IFERROR(DATEDIF(D38,TODAY(),"YM") & " m " & DATEDIF(D38,TODAY(),"MD") & " D "," ") -> 11 m 19 D | G38: 10627 | H38: 50418 | I38: =G38/H38 -> 0.2107779 | J38: 51 | K38: 1071 | L38: 3 | M38: 6 | N38: 0 | O38: 3 | P38: 113 | Q38: - | R38: S2 | S38: R | T38: =IFERROR(IF(U38>=1,EDATE(D38,U38),"غير محدد"),"غير محدد") -> غير محدد | U38: {=IFERROR(MID(S38,MATCH(TRUE,ISNUMBER(1*MID(S38,ROW($1:$12),1)),0),COUNT(1*MID(S38,ROW($1:$12),1))),"غير محدد")} -> غير محدد | V38: يحتاج الى إعادة | W38: =الشمالي!$K39/الشمالي!$P39 -> 12.338028 | X38: =N38/L38 -> 0 | Y38: =L38/M38 -> 0.5 | Z38: =O38/J38 -> 0.058823529 | AA38: =IFERROR(DATEDIF(T38,TODAY(),"MD") & " ","0 ") -> 0
... A42: اهناسيا | B42: 3T | C42: 66 / 11 | D42: 45208 | F42: =IFERROR(DATEDIF(D42,TODAY(),"YM") & " m " & DATEDIF(D42,TODAY(),"MD") & " D "," ") -> 2 m 7 D | G42: 8244 | H42: 96479 | I42: =G42/H42 -> 0.085448647 | J42: 86 | K42: 2311 | L42: 3 | M42: 2 | N42: 0 | O42: 1 | P42: 160 | Q42: - | R42: S2 | S42: R | T42: =IFERROR(IF(U42>=1,EDATE(D42,U42),"غير محدد"),"غير محدد") -> غير محدد | U42: {=IFERROR(MID(S42,MATCH(TRUE,ISNUMBER(1*MID(S42,ROW($1:$12),1)),0),COUNT(1*MID(S42,ROW($1:$12),1))),"غير محدد")} -> غير محدد | V42: يحتاج الى إعادة | W42: =الشمالي!$K43/الشمالي!$P43 -> 14.627119 | X42: =N42/L42 -> 0 | Y42: =L42/M42 -> 1.5 | Z42: =O42/J42 -> 0.011627907 | AA42: =IFERROR(DATEDIF(T42,TODAY(),"MD") & " ","0 ") -> 0
A43: اهناسيا | B43: 4T | C43: 66 / 11 | D43: 45208 | F43: =IFERROR(DATEDIF(D43,TODAY(),"YM") & " m " & DATEDIF(D43,TODAY(),"MD") & " D "," ") -> 2 m 7 D | G43: 20314 | H43: 168945 | I43: =G43/H43 -> 0.12024031 | J43: 134 | K43: 2589 | L43: 2 | M43: 3 | N43: 0 | O43: 2 | P43: 177 | Q43: - | R43: S2 | S43: R | T43: =IFERROR(IF(U43>=1,EDATE(D43,U43),"غير محدد"),"غير محدد") -> غير محدد | U43: {=IFERROR(MID(S43,MATCH(TRUE,ISNUMBER(1*MID(S43,ROW($1:$12),1)),0),COUNT(1*MID(S43,ROW($1:$12),1))),"غير محدد")} -> غير محدد | V43: يحتاج الى إعادة | W43: =الشمالي!$K45/الشمالي!$P45 -> 19.760148 | X43: =N43/L43 -> 0 | Y43: =L43/M43 -> 0.66666667 | Z43: =O43/J43 -> 0.014925373 | AA43: =IFERROR(DATEDIF(T43,TODAY(),"MD") & " ","0 ") -> 0
A44: أبوكساه | B44: 4T | C44: 66 / 11 | D44: 45615 | F44: =IFERROR(DATEDIF(D44,TODAY(),"YM") & " m " & DATEDIF(D44,TODAY(),"MD") & " D "," ") -> 0 m 27 D | G44: 19036 | H44: 177659 | I44: =G44/H44 -> 0.10714909 | J44: 161 | K44: 3999 | L44: 3 | M44: 4 | N44: 0 | O44: 1 | P44: 463 | Q44: T3 | R44: S3 | S44: R1 | T44: =IFERROR(IF(U44>=1,EDATE(D44,U44),"غير محدد"),"غير محدد") -> 45645 | U44: {=IFERROR(MID(S44,MATCH(TRUE,ISNUMBER(1*MID(S44,ROW($1:$11),1)),0),COUNT(1*MID(S44,ROW($1:$11),1))),"غير محدد")} -> 1 | V44: تم | W44: =الشمالي!$K2/الشمالي!$P2 -> 11.202899 | X44: =N44/L44 -> 0 | Y44: =L44/M44 -> 0.75 | Z44: =O44/J44 -> 0.0062111801 | AA44: =IFERROR(DATEDIF(T44,TODAY(),"MD") & " ","0 ") -> 27
A45: أبوكساه | B45: 4T | C45: 66 / 11 | D45: 45760 | F45: =IFERROR(DATEDIF(D45,TODAY(),"YM") & " m " & DATEDIF(D45,TODAY(),"MD") & " D "," ") -> 8 m 3 D | G45: 19100 | H45: 59322 | I45: =G45/H45 -> 0.32197161 | J45: 85 | K45: 5355 | L45: 7 | M45: 9 | N45: 0 | O45: 4 | P45: 271 | Q45: T3 | R45: S3 | S45: R1 | T45: =IFERROR(IF(U45>=1,EDATE(D45,U45),"غير محدد"),"غير محدد") -> 45790 | U45: {=IFERROR(MID(S45,MATCH(TRUE,ISNUMBER(1*MID(S45,ROW($1:$11),1)),0),COUNT(1*MID(S45,ROW($1:$11),1))),"غير محدد")} -> 1 | V45: يحتاج الى إعادة | W45: =الشمالي!$K3/الشمالي!$P3 -> 19.094527 | X45: =N45/L45 -> 0 | Y45: =L45/M45 -> 0.77777778 | Z45: =O45/J45 -> 0.047058824 | AA45: =IFERROR(DATEDIF(T45,TODAY(),"MD") & " ","0 ") -> 3
A46: ألبطس | B46: 3T | C46: 66 / 11 | D46: 45575 | F46: =IFERROR(DATEDIF(D46,TODAY(),"YM") & " m " & DATEDIF(D46,TODAY(),"MD") & " D "," ") -> 2 m 6 D | G46: 11320 | H46: 78358 | I46: =G46/H46 -> 0.14446515 | J46: 114 | K46: 3749 | L46: 1 | M46: 49 | N46: 0 | O46: 3 | P46: 362 | Q46: T2 | R46: S3 | S46: R1 | T46: =IFERROR(IF(U46>=1,EDATE(D46,U46),"غير محدد"),"غير محدد") -> 45606 | U46: {=IFERROR(MID(S46,MATCH(TRUE,ISNUMBER(1*MID(S46,ROW($1:$12),1)),0),COUNT(1*MID(S46,ROW($1:$12),1))),"غير محدد")} -> 1 | V46: يحتاج الى إعادة | W46: =الشمالي!$K7/الشمالي!$P7 -> 10.480114 | X46: =N46/L46 -> 0 | Y46: =L46/M46 -> 0.020408163 | Z46: =O46/J46 -> 0.026315789 | AA46: =IFERROR(DATEDIF(T46,TODAY(),"MD") & " ","0 ") -> 6
A47: ببا | B47: 4T | C47: 66 / 11 | D47: 45208 | F47: =IFERROR(DATEDIF(D47,TODAY(),"YM") & " m " & DATEDIF(D47,TODAY(),"MD") & " D "," ") -> 2 m 7 D | G47: 34973 | H47: 103415 | I47: =G47/H47 -> 0.33818111 | J47: 49 | K47: 1253 | L47: 2 | M47: 3 | N47: 0 | O47: 1 | P47: 71 | Q47: - | R47: S2 | S47: R | T47: =IFERROR(IF(U47>=1,EDATE(D47,U47),"غير محدد"),"غير محدد") -> غير محدد | U47: {=IFERROR(MID(S47,MATCH(TRUE,ISNUMBER(1*MID(S47,ROW($1:$12),1)),0),COUNT(1*MID(S47,ROW($1:$12),1))),"غير محدد")} -> غير محدد | V47: تم | W47: =الشمالي!$K46/الشمالي!$P46 -> 10.356354 | X47: =N47/L47 -> 0 | Y47: =L47/M47 -> 0.66666667 | Z47: =O47/J47 -> 0.020408163 | AA47: =IFERROR(DATEDIF(T47,TODAY(),"MD") & " ","0 ") -> 0
A48: ببا | B48: 4T | C48: 66 / 11 | D48: 45287 | F48: =IFERROR(DATEDIF(D48,TODAY(),"YM") & " m " & DATEDIF(D48,TODAY(),"MD") & " D "," ") -> 11 m 19 D | G48: 25197 | H48: 91626 | I48: =G48/H48 -> 0.27499836 | J48: 41 | K48: 2786 | L48: 3 | M48: 3 | N48: 2 | O48: 13 | P48: 436 | Q48: DT | R48: S3 | S48: R&I | T48: =IFERROR(IF(U48>=1,EDATE(D48,U48),"غير محدد"),"غير محدد") -> غير محدد | U48: {=IFERROR(MID(S48,MATCH(TRUE,ISNUMBER(1*MID(S48,ROW($1:$12),1)),0),COUNT(1*MID(S48,ROW($1:$12),1))),"غير محدد")} -> غير محدد | V48: يحتاج الى إعادة | W48: =الشمالي!$K47/الشمالي!$P47 -> 17.647887 | X48: =N48/L48 -> 0.66666667 | Y48: =L48/M48 -> 1 | Z48: =O48/J48 -> 0.31707317 | AA48: =IFERROR(DATEDIF(T48,TODAY(),"MD") & " ","0 ") -> 0
A49: بني سويف الصناعية | B49: 2T PH R | C49: 500 / 220 | D49: 45287 | F49: =IFERROR(DATEDIF(D49,TODAY(),"YM") & " m " & DATEDIF(D49,TODAY(),"MD") & " D "," ") -> 11 m 19 D | G49: 6877 | H49: 23127 | I49: =G49/H49 -> 0.29735807 | J49: 28 | K49: 2058 | L49: 2 | M49: 3 | N49: 0 | O49: 4 | P49: 626 | Q49: T3 | R49: S3 | S49: R&I | T49: =IFERROR(IF(U49>=1,EDATE(D49,U49),"غير محدد"),"غير محدد") -> غير محدد | U49: {=IFERROR(MID(S49,MATCH(TRUE,ISNUMBER(1*MID(S49,ROW($1:$12),1)),0),COUNT(1*MID(S49,ROW($1:$12),1))),"غير محدد")} -> غير محدد | V49: يحتاج الى إعادة | W49: =الشمالي!$K48/الشمالي!$P48 -> 6.3899083 | X49: =N49/L49 -> 0 | Y49: =L49/M49 -> 0.66666667 | Z49: =O49/J49 -> 0.14285714 | AA49: =IFERROR(DATEDIF(T49,TODAY(),"MD") & " ","0 ") -> 0
A50: بني سويف الصناعية | B50: 2T PH S | C50: 500 / 220 | D50: 45245 | F50: =IFERROR(DATEDIF(D50,TODAY(),"YM") & " m " & DATEDIF(D50,TODAY(),"MD") & " D "," ") -> 1 m 1 D | G50: 5514 | H50: 23201 | I50: =G50/H50 -> 0.23766217 | J50: 9 | K50: 3875 | L50: 4 | M50: 3 | N50: 0 | O50: 2 | P50: 756 | Q50: T3 | R50: S3 | S50: R | T50: =IFERROR(IF(U50>=1,EDATE(D50,U50),"غير محدد"),"غير محدد") -> غير محدد | U50: {=IFERROR(MID(S50,MATCH(TRUE,ISNUMBER(1*MID(S50,ROW($1:$12),1)),0),COUNT(1*MID(S50,ROW($1:$12),1))),"غير محدد")} -> غير محدد | V50: تم | W50: =الشمالي!$K49/الشمالي!$P49 -> 3.2875399 | X50: =N50/L50 -> 0 | Y50: =L50/M50 -> 1.3333333 | Z50: =O50/J50 -> 0.22222222 | AA50: =IFERROR(DATEDIF(T50,TODAY(),"MD") & " ","0 ") -> 0
A51: بني سويف الصناعية | B51: 2T PH S | C51: 500 / 220 | D51: 45287 | F51: =IFERROR(DATEDIF(D51,TODAY(),"YM") & " m " & DATEDIF(D51,TODAY(),"MD") & " D "," ") -> 11 m 19 D | G51: 8338 | H51: 24284 | I51: =G51/H51 -> 0.34335365 | J51: 22 | K51: 2250 | L51: 3 | M51: 1 | N51: 0 | O51: 3 | P51: 667 | Q51: T2 | R51: S3 | S51: R&I | T51: =IFERROR(IF(U51>=1,EDATE(D51,U51),"غير محدد"),"غير محدد") -> غير محدد | U51: {=IFERROR(MID(S51,MATCH(TRUE,ISNUMBER(1*MID(S51,ROW($1:$12),1)),0),COUNT(1*MID(S51,ROW($1:$12),1))),"غير محدد")} -> غير محدد | V51: تم | W51: =الشمالي!$K50/الشمالي!$P50 -> 5.1256614 | X51: =N51/L51 -> 0 | Y51: =L51/M51 -> 3 | Z51: =O51/J51 -> 0.13636364 | AA51: =IFERROR(DATEDIF(T51,TODAY(),"MD") & " ","0 ") -> 0
A52: بني سويف الصناعية | B52: 2T PH S | C52: 500 / 220 | D52: 45560 | F52: =IFERROR(DATEDIF(D52,TODAY(),"YM") & " m " & DATEDIF(D52,TODAY(),"MD") & " D "," ") -> 2 m 21 D | G52: 5001 | H52: 85658 | I52: =G52/H52 -> 0.058383338 | J52: 71 | K52: 1910 | L52: 4 | M52: 1 | N52: 0 | O52: 4 | P52: 413 | Q52: T3 | R52: S3 | S52: R1 | T52: =IFERROR(IF(U52>=1,EDATE(D52,U52),"غير محدد"),"غير محدد") -> 45590 | U52: {=IFERROR(MID(S52,MATCH(TRUE,ISNUMBER(1*MID(S52,ROW($1:$12),1)),0),COUNT(1*MID(S52,ROW($1:$12),1))),"غير محدد")} -> 1 | V52: يحتاج الى إعادة | W52: =الشمالي!$K51/الشمالي!$P51 -> 3.3733133 | X52: =N52/L52 -> 0 | Y52: =L52/M52 -> 4 | Z52: =O52/J52 -> 0.056338028 | AA52: =IFERROR(DATEDIF(T52,TODAY(),"MD") & " ","0 ") -> 21
A53: بني سويف الصناعية | B53: 2T PH T | C53: 500 / 220 | D53: 45287 | F53: =IFERROR(DATEDIF(D53,TODAY(),"YM") & " m " & DATEDIF(D53,TODAY(),"MD") & " D "," ") -> 11 m 19 D | G53: 7297 | H53: 32210 | I53: =G53/H53 -> 0.22654455 | J53: 22 | K53: 2402 | L53: 3 | M53: 1 | N53: 0 | O53: 6 | P53: 720 | Q53: T2 | R53: S3 | S53: R&I | T53: =IFERROR(IF(U53>=1,EDATE(D53,U53),"غير محدد"),"غير محدد") -> غير محدد | U53: {=IFERROR(MID(S53,MATCH(TRUE,ISNUMBER(1*MID(S53,ROW($1:$12),1)),0),COUNT(1*MID(S53,ROW($1:$12),1))),"غير محدد")} -> غير محدد | V53: تم | W53: =الشمالي!$K52/الشمالي!$P52 -> 4.6246973 | X53: =N53/L53 -> 0 | Y53: =L53/M53 -> 3 | Z53: =O53/J53 -> 0.27272727 | AA53: =IFERROR(DATEDIF(T53,TODAY(),"MD") & " ","0 ") -> 0
A54: بني سويف الصناعية | B54: 2T PH T | C54: 500 / 220 | D54: 45403 | F54: =IFERROR(DATEDIF(D54,TODAY(),"YM") & " m " & DATEDIF(D54,TODAY(),"MD") & " D "," ") -> 7 m 25 D | G54: 9650 | H54: 34096 | I54: =G54/H54 -> 0.2830244 | J54: 47 | K54: 2229 | L54: 2 | M54: 2 | N54: 0 | O54: 1 | P54: 439 | Q54: T3 | R54: S3 | S54: R1 | T54: =IFERROR(IF(U54>=1,EDATE(D54,U54),"غير محدد"),"غير محدد") -> 45433 | U54: {=IFERROR(MID(S54,MATCH(TRUE,ISNUMBER(1*MID(S54,ROW($1:$12),1)),0),COUNT(1*MID(S54,ROW($1:$12),1))),"غير محدد")} -> 1 | V54: يحتاج الى إعادة | W54: =الشمالي!$K53/الشمالي!$P53 -> 3.3361111 | X54: =N54/L54 -> 0 | Y54: =L54/M54 -> 1 | Z54: =O54/J54 -> 0.021276596 | AA54: =IFERROR(DATEDIF(T54,TODAY(),"MD") & " ","0 ") -> 25
A55: بني سويف الصناعية | B55: 7T | C55: 66 / 11 | D55: 45333 | F55: =IFERROR(DATEDIF(D55,TODAY(),"YM") & " m " & DATEDIF(D55,TODAY(),"MD") & " D "," ") -> 10 m 5 D | G55: 23112 | H55: 79980 | I55: =G55/H55 -> 0.28897224 | J55: 42 | K55: 1064 | L55: 2 | M55: 3 | N55: 0 | O55: 1 | P55: 92 | Q55: - | R55: S2 | S55: R1 | T55: =IFERROR(IF(U55>=1,EDATE(D55,U55),"غير محدد"),"غير محدد") -> 45362 | U55: {=IFERROR(MID(S55,MATCH(TRUE,ISNUMBER(1*MID(S55,ROW($1:$12),1)),0),COUNT(1*MID(S55,ROW($1:$12),1))),"غير محدد")} -> 1 | V55: يحتاج الى إعادة | W55: =الشمالي!$K54/الشمالي!$P54 -> 5.0774487 | X55: =N55/L55 -> 0 | Y55: =L55/M55 -> 0.66666667 | Z55: =O55/J55 -> 0.023809524 | AA55: =IFERROR(DATEDIF(T55,TODAY(),"MD") & " ","0 ") -> 5
A56: بني سويف شرق | B56: 1T | C56: 220 / 66 | D56: 44958 | F56: =IFERROR(DATEDIF(D56,TODAY(),"YM") & " m " & DATEDIF(D56,TODAY(),"MD") & " D "," ") -> 10 m 15 D | G56: 2967 | H56: 49767 | I56: =G56/H56 -> 0.059617819 | J56: 79 | K56: 10855 | L56: 10 | M56: 6 | N56: 0 | O56: 76 | P56: 657 | Q56: T1 | R56: 2 | S56: R&F | T56: =IFERROR(IF(U56>=1,EDATE(D56,U56),"غير محدد"),"غير محدد") -> غير محدد | U56: {=IFERROR(MID(S56,MATCH(TRUE,ISNUMBER(1*MID(S56,ROW($1:$12),1)),0),COUNT(1*MID(S56,ROW($1:$12),1))),"غير محدد")} -> غير محدد | V56: تم | W56: =الشمالي!$K55/الشمالي!$P55 -> 11.565217 | X56: =N56/L56 -> 0 | Y56: =L56/M56 -> 1.6666667 | Z56: =O56/J56 -> 0.96202532 | AA56: =IFERROR(DATEDIF(T56,TODAY(),"MD") & " ","0 ") -> 0
A57: بني سويف شرق | B57: 1T | C57: 220 / 66 | D57: 45000 | F57: =IFERROR(DATEDIF(D57,TODAY(),"YM") & " m " & DATEDIF(D57,TODAY(),"MD") & " D "," ") -> 9 m 1 D | G57: 1168 | H57: 26682 | I57: =G57/H57 -> 0.043774829 | J57: 23 | K57: 979 | L57: 2 | M57: 5 | N57: 0 | O57: 1 | P57: 169 | Q57: N | R57: 1 | S57: S | T57: =IFERROR(IF(U57>=1,EDATE(D57,U57),"غير محدد"),"غير محدد") -> غير محدد | U57: {=IFERROR(MID(S57,MATCH(TRUE,ISNUMBER(1*MID(S57,ROW($1:$12),1)),0),COUNT(1*MID(S57,ROW($1:$12),1))),"غير محدد")} -> غير محدد | V57: تم | W57: =الشمالي!$K56/الشمالي!$P56 -> 16.52207 | X57: =N57/L57 -> 0 | Y57: =L57/M57 -> 0.4 | Z57: =O57/J57 -> 0.043478261 | AA57: =IFERROR(DATEDIF(T57,TODAY(),"MD") & " ","0 ") -> 0
A58: بني سويف شرق | B58: 1T | C58: 220 / 66 | D58: 45000 | F58: =IFERROR(DATEDIF(D58,TODAY(),"YM") & " m " & DATEDIF(D58,TODAY(),"MD") & " D "," ") -> 9 m 1 D | G58: 2370 | H58: 35215 | I58: =G58/H58 -> 0.067300866 | J58: 85 | K58: 2159 | L58: 2 | M58: 2 | N58: 0 | O58: 1 | P58: 340 | Q58: N | R58: 1 | S58: S | T58: =IFERROR(IF(U58>=1,EDATE(D58,U58),"غير محدد"),"غير محدد") -> غير محدد | U58: {=IFERROR(MID(S58,MATCH(TRUE,ISNUMBER(1*MID(S58,ROW($1:$12),1)),0),COUNT(1*MID(S58,ROW($1:$12),1))),"غير محدد")} -> غير محدد | V58: تم | W58: =الشمالي!$K57/الشمالي!$P57 -> 5.7928994 | X58: =N58/L58 -> 0 | Y58: =L58/M58 -> 1 | Z58: =O58/J58 -> 0.011764706 | AA58: =IFERROR(DATEDIF(T58,TODAY(),"MD") & " ","0 ") -> 0
A59: بني سويف شرق | B59: 1T | C59: 220 / 66 | D59: 45084 | F59: =IFERROR(DATEDIF(D59,TODAY(),"YM") & " m " & DATEDIF(D59,TODAY(),"MD") & " D "," ") -> 6 m 9 D | G59: 708 | H59: 63981 | I59: =G59/H59 -> 0.011065785 | J59: 162 | K59: 2464 | L59: 1 | M59: 4 | N59: 0 | O59: 39 | P59: 681 | Q59: T1 | R59: 2 | S59: R | T59: =IFERROR(IF(U59>=1,EDATE(D59,U59),"غير محدد"),"غير محدد") -> غير محدد | U59: {=IFERROR(MID(S59,MATCH(TRUE,ISNUMBER(1*MID(S59,ROW($1:$12),1)),0),COUNT(1*MID(S59,ROW($1:$12),1))),"غير محدد")} -> غير محدد | V59: تم | W59: =الشمالي!$K58/الشمالي!$P58 -> 6.35 | X59: =N59/L59 -> 0 | Y59: =L59/M59 -> 0.25 | Z59: =O59/J59 -> 0.24074074 | AA59: =IFERROR(DATEDIF(T59,TODAY(),"MD") & " ","0 ") -> 0
A60: بني سويف شرق | B60: 1T | C60: 220 / 66 | D60: 45179 | F60: =IFERROR(DATEDIF(D60,TODAY(),"YM") & " m " & DATEDIF(D60,TODAY(),"MD") & " D "," ") -> 3 m 6 D | G60: 957 | H60: 90394 | I60: =G60/H60 -> 0.010586986 | J60: 87 | K60: 1698 | L60: 2 | M60: 16 | N60: 0 | O60: 5 | P60: 217 | Q60: - | R60: S2 | S60: R | T60: =IFERROR(IF(U60>=1,EDATE(D60,U60),"غير محدد"),"غير محدد") -> غير محدد | U60: {=IFERROR(MID(S60,MATCH(TRUE,ISNUMBER(1*MID(S60,ROW($1:$12),1)),0),COUNT(1*MID(S60,ROW($1:$12),1))),"غير محدد")} -> غير محدد | V60: يحتاج الى إعادة | W60: =الشمالي!$K59/الشمالي!$P59 -> 3.6182085 | X60: =N60/L60 -> 0 | Y60: =L60/M60 -> 0.125 | Z60: =O60/J60 -> 0.057471264 | AA60: =IFERROR(DATEDIF(T60,TODAY(),"MD") & " ","0 ") -> 0
A61: بني سويف شرق | B61: 2T | C61: 220 / 66 | D61: 45084 | F61: =IFERROR(DATEDIF(D61,TODAY(),"YM") & " m " & DATEDIF(D61,TODAY(),"MD") & " D "," ") -> 6 m 9 D | G61: 1121 | H61: 79761 | I61: =G61/H61 -> 0.014054488 | J61: 254 | K61: 4890 | L61: 5 | M61: 11 | N61: 0 | O61: 59 | P61: 791 | Q61: T1 | R61: 2 | S61: R | T61: =IFERROR(IF(U61>=1,EDATE(D61,U61),"غير محدد"),"غير محدد") -> غير محدد | U61: {=IFERROR(MID(S61,MATCH(TRUE,ISNUMBER(1*MID(S61,ROW($1:$12),1)),0),COUNT(1*MID(S61,ROW($1:$12),1))),"غير محدد")} -> غير محدد | V61: تم | W61: =الشمالي!$K60/الشمالي!$P60 -> 7.8248848 | X61: =N61/L61 -> 0 | Y61: =L61/M61 -> 0.45454545 | Z61: =O61/J61 -> 0.23228346 | AA61: =IFERROR(DATEDIF(T61,TODAY(),"MD") & " ","0 ") -> 0
A62: بني سويف شرق | B62: 2T | C62: 220 / 66 | D62: 45208 | F62: =IFERROR(DATEDIF(D62,TODAY(),"YM") & " m " & DATEDIF(D62,TODAY(),"MD") & " D "," ") -> 2 m 7 D | G62: 341 | H62: 108946 | I62: =G62/H62 -> 0.003129991 | J62: 109 | K62: 2553 | L62: 3 | M62: 31 | N62: 0 | O62: 5 | P62: 220 | Q62: T2 | R62: S3 | S62: R&I | T62: =IFERROR(IF(U62>=1,EDATE(D62,U62),"غير محدد"),"غير محدد") -> غير محدد | U62: {=IFERROR(MID(S62,MATCH(TRUE,ISNUMBER(1*MID(S62,ROW($1:$12),1)),0),COUNT(1*MID(S62,ROW($1:$12),1))),"غير محدد")} -> غير محدد | V62: تم | W62: =الشمالي!$K61/الشمالي!$P61 -> 6.182048 | X62: =N62/L62 -> 0 | Y62: =L62/M62 -> 0.096774194 | Z62: =O62/J62 -> 0.04587156 | AA62: =IFERROR(DATEDIF(T62,TODAY(),"MD") & " ","0 ") -> 0
A63: بني سويف شرق | B63: 2T | C63: 220 / 66 | D63: 45333 | F63: =IFERROR(DATEDIF(D63,TODAY(),"YM") & " m " & DATEDIF(D63,TODAY(),"MD") & " D "," ") -> 10 m 5 D | G63: 2229 | H63: 39605 | I63: =G63/H63 -> 0.056280773 | J63: 82 | K63: 2135 | L63: 3 | M63: 8 | N63: 0 | O63: 14 | P63: 319 | Q63: - | R63: S3 | S63: R1 | T63: =IFERROR(IF(U63>=1,EDATE(D63,U63),"غير محدد"),"غير محدد") -> 45362 | U63: {=IFERROR(MID(S63,MATCH(TRUE,ISNUMBER(1*MID(S63,ROW($1:$12),1)),0),COUNT(1*MID(S63,ROW($1:$12),1))),"غير محدد")} -> 1 | V63: يحتاج الى إعادة | W63: =الشمالي!$K62/الشمالي!$P62 -> 11.604545 | X63: =N63/L63 -> 0 | Y63: =L63/M63 -> 0.375 | Z63: =O63/J63 -> 0.17073171 | AA63: =IFERROR(DATEDIF(T63,TODAY(),"MD") & " ","0 ") -> 5
A64: بني سويف شرق | B64: 6T | C64: 66 / 22 | D64: 43999 | F64: =IFERROR(DATEDIF(D64,TODAY(),"YM") & " m " & DATEDIF(D64,TODAY(),"MD") & " D "," ") -> 5 m 29 D | G64: 7890 | H64: 63962 | I64: =G64/H64 -> 0.12335449 | J64: 331 | K64: 8218 | L64: 14 | M64: 11 | N64: 0 | O64: 18 | P64: 1025 | Q64: T2 | R64: 2 | S64: S | T64: =IFERROR(IF(U64>=1,EDATE(D64,U64),"غير محدد"),"غير محدد") -> غير محدد | U64: {=IFERROR(MID(S64,MATCH(TRUE,ISNUMBER(1*MID(S64,ROW($1:$12),1)),0),COUNT(1*MID(S64,ROW($1:$12),1))),"غير محدد")} -> غير محدد | V64: تم | W64: =الشمالي!$K63/الشمالي!$P63 -> 6.69279 | X64: =N64/L64 -> 0 | Y64: =L64/M64 -> 1.2727273 | Z64: =O64/J64 -> 0.054380665 | AA64: =IFERROR(DATEDIF(T64,TODAY(),"MD") & " ","0 ") -> 0
A65: بني سويف شرق | B65: 6T | C65: 66 / 22 | D65: 44188 | F65: =IFERROR(DATEDIF(D65,TODAY(),"YM") & " m " & DATEDIF(D65,TODAY(),"MD") & " D "," ") -> 11 m 23 D | G65: 5259 | H65: 34717 | I65: =G65/H65 -> 0.15148198 | J65: 5 | K65: 481 | L65: 3 | M65: 3 | N65: 0 | O65: 1 | P65: 63 | Q65: N | R65: 1 | S65: S | T65: =IFERROR(IF(U65>=1,EDATE(D65,U65),"غير محدد"),"غير محدد") -> غير محدد | U65: {=IFERROR(MID(S65,MATCH(TRUE,ISNUMBER(1*MID(S65,ROW($1:$12),1)),0),COUNT(1*MID(S65,ROW($1:$12),1))),"غير محدد")} -> غير محدد | V65: تم | W65: =الشمالي!$K64/الشمالي!$P64 -> 8.017561 | X65: =N65/L65 -> 0 | Y65: =L65/M65 -> 1 | Z65: =O65/J65 -> 0.2 | AA65: =IFERROR(DATEDIF(T65,TODAY(),"MD") & " ","0 ") -> 0
A66: بني سويف شرق | B66: 6T | C66: 66 / 22 | D66: 44375 | F66: =IFERROR(DATEDIF(D66,TODAY(),"YM") & " m " & DATEDIF(D66,TODAY(),"MD") & " D "," ") -> 5 m 18 D | G66: 6258 | H66: 47849 | I66: =G66/H66 -> 0.13078643 | J66: 193 | K66: 3055 | L66: 4 | M66: 8 | N66: 0 | O66: 8 | P66: 458 | Q66: N | R66: 1 | S66: S | T66: =IFERROR(IF(U66>=1,EDATE(D66,U66),"غير محدد"),"غير محدد") -> غير محدد | U66: {=IFERROR(MID(S66,MATCH(TRUE,ISNUMBER(1*MID(S66,ROW($1:$12),1)),0),COUNT(1*MID(S66,ROW($1:$12),1))),"غير محدد")} -> غير محدد | V66: تم | W66: =الشمالي!$K65/الشمالي!$P65 -> 7.6349206 | X66: =N66/L66 -> 0 | Y66: =L66/M66 -> 0.5 | Z66: =O66/J66 -> 0.041450777 | AA66: =IFERROR(DATEDIF(T66,TODAY(),"MD") & " ","0 ") -> 0
A67: بني سويف شرق | B67: 6T | C67: 66 / 22 | D67: 44727 | F67: =IFERROR(DATEDIF(D67,TODAY(),"YM") & " m " & DATEDIF(D67,TODAY(),"MD") & " D "," ") -> 6 m 1 D | G67: 4947 | H67: 84605 | I67: =G67/H67 -> 0.058471722 | J67: 253 | K67: 4104 | L67: 11 | M67: 39 | N67: 0 | O67: 1 | P67: 493 | Q67: T3 | R67: 2 | S67: R | T67: =IFERROR(IF(U67>=1,EDATE(D67,U67),"غير محدد"),"غير محدد") -> غير محدد | U67: {=IFERROR(MID(S67,MATCH(TRUE,ISNUMBER(1*MID(S67,ROW($1:$12),1)),0),COUNT(1*MID(S67,ROW($1:$12),1))),"غير محدد")} -> غير محدد | V67: تم | W67: =الشمالي!$K66/الشمالي!$P66 -> 6.6703057 | X67: =N67/L67 -> 0 | Y67: =L67/M67 -> 0.28205128 | Z67: =O67/J67 -> 0.0039525692 | AA67: =IFERROR(DATEDIF(T67,TODAY(),"MD") & " ","0 ") -> 0
A68: بني سويف شرق | B68: 6T | C68: 66 / 22 | D68: 44958 | F68: =IFERROR(DATEDIF(D68,TODAY(),"YM") & " m " & DATEDIF(D68,TODAY(),"MD") & " D "," ") -> 10 m 15 D | G68: 7823 | H68: 46242 | I68: =G68/H68 -> 0.16917521 | J68: 230 | K68: 10373 | L68: 8 | M68: 10 | N68: 0 | O68: 8 | P68: 470 | Q68: T3 | R68: 2 | S68: R&F | T68: =IFERROR(IF(U68>=1,EDATE(D68,U68),"غير محدد"),"غير محدد") -> غير محدد | U68: {=IFERROR(MID(S68,MATCH(TRUE,ISNUMBER(1*MID(S68,ROW($1:$12),1)),0),COUNT(1*MID(S68,ROW($1:$12),1))),"غير محدد")} -> غير محدد | V68: تم | W68: =الشمالي!$K67/الشمالي!$P67 -> 8.3245436 | X68: =N68/L68 -> 0 | Y68: =L68/M68 -> 0.8 | Z68: =O68/J68 -> 0.034782609 | AA68: =IFERROR(DATEDIF(T68,TODAY(),"MD") & " ","0 ") -> 0
A69: بني سويف شرق | B69: 6T | C69: 66 / 22 | D69: 45000 | F69: =IFERROR(DATEDIF(D69,TODAY(),"YM") & " m " & DATEDIF(D69,TODAY(),"MD") & " D "," ") -> 9 m 1 D | G69: 2370 | H69: 35215 | I69: =G69/H69 -> 0.067300866 | J69: 85 | K69: 2159 | L69: 2 | M69: 2 | N69: 0 | O69: 1 | P69: 340 | Q69: N | R69: 1 | S69: S | T69: =IFERROR(IF(U69>=1,EDATE(D69,U69),"غير محدد"),"غير محدد") -> غير محدد | U69: {=IFERROR(MID(S69,MATCH(TRUE,ISNUMBER(1*MID(S69,ROW($1:$12),1)),0),COUNT(1*MID(S69,ROW($1:$12),1))),"غير محدد")} -> غير محدد | V69: تم | W69: =الشمالي!$K68/الشمالي!$P68 -> 22.070213 | X69: =N69/L69 -> 0 | Y69: =L69/M69 -> 1 | Z69: =O69/J69 -> 0.011764706 | AA69: =IFERROR(DATEDIF(T69,TODAY(),"MD") & " ","0 ") -> 0
A70: بني سويف شرق | B70: 6T | C70: 66 / 22 | D70: 45084 | F70: =IFERROR(DATEDIF(D70,TODAY(),"YM") & " m " & DATEDIF(D70,TODAY(),"MD") & " D "," ") -> 6 m 9 D | G70: 5210 | H70: 149608 | I70: =G70/H70 -> 0.034824341 | J70: 528 | K70: 4843 | L70: 8 | M70: 15 | N70: 5 | O70: 6 | P70: 780 | Q70: DT | R70: 2 | S70: R | T70: =IFERROR(IF(U70>=1,EDATE(D70,U70),"غير محدد"),"غير محدد") -> غير محدد | U70: {=IFERROR(MID(S70,MATCH(TRUE,ISNUMBER(1*MID(S70,ROW($1:$12),1)),0),COUNT(1*MID(S70,ROW($1:$12),1))),"غير محدد")} -> غير محدد | V70: تم | W70: =الشمالي!$K69/الشمالي!$P69 -> 6.35 | X70: =N70/L70 -> 0.625 | Y70: =L70/M70 -> 0.53333333 | Z70: =O70/J70 -> 0.011363636 | AA70: =IFERROR(DATEDIF(T70,TODAY(),"MD") & " ","0 ") -> 0
A71: بني سويف شرق | B71: 6T | C71: 66 / 22 | D71: 45179 | F71: =IFERROR(DATEDIF(D71,TODAY(),"YM") & " m " & DATEDIF(D71,TODAY(),"MD") & " D "," ") -> 3 m 6 D | G71: 39825 | H71: 357778 | I71: =G71/H71 -> 0.11131204 | J71: 592 | K71: 7464 | L71: 21 | M71: 32 | N71: 21 | O71: 11 | P71: 920 | Q71: DT | R71: 2 | S71: R&I | T71: =IFERROR(IF(U71>=1,EDATE(D71,U71),"غير محدد"),"غير محدد") -> غير محدد | U71: {=IFERROR(MID(S71,MATCH(TRUE,ISNUMBER(1*MID(S71,ROW($1:$12),1)),0),COUNT(1*MID(S71,ROW($1:$12),1))),"غير محدد")} -> غير محدد | V71: تم | W71: =الشمالي!$K70/الشمالي!$P70 -> 6.2089744 | X71: =N71/L71 -> 1 | Y71: =L71/M71 -> 0.65625 | Z71: =O71/J71 -> 0.018581081 | AA71: =IFERROR(DATEDIF(T71,TODAY(),"MD") & " ","0 ") -> 0
A72: بني سويف شرق | B72: 6T | C72: 66 / 22 | D72: 45223 | F72: =IFERROR(DATEDIF(D72,TODAY(),"YM") & " m " & DATEDIF(D72,TODAY(),"MD") & " D "," ") -> 1 m 22 D | G72: 9255 | H72: 78813 | I72: =G72/H72 -> 0.11742987 | J72: 597 | K72: 4430 | L72: 110 | M72: 12 | N72: 366 | O72: 73 | P72: 567 | Q72: DT | R72: s3 | S72: R&F | T72: =IFERROR(IF(U72>=1,EDATE(D72,U72),"غير محدد"),"غير محدد") -> غير محدد | U72: {=IFERROR(MID(S72,MATCH(TRUE,ISNUMBER(1*MID(S72,ROW($1:$12),1)),0),COUNT(1*MID(S72,ROW($1:$12),1))),"غير محدد")} -> غير محدد | V72: تم تغيير المحول | W72: =الشمالي!$K71/الشمالي!$P71 -> 8.1130435 | X72: =N72/L72 -> 3.3272727 | Y72: =L72/M72 -> 9.1666667 | Z72: =O72/J72 -> 0.12227806 | AA72: =IFERROR(DATEDIF(T72,TODAY(),"MD") & " ","0 ") -> 0
A73: بني سويف شرق | B73: 8T | C73: 220 / 66 | D73: 44746 | F73: =IFERROR(DATEDIF(D73,TODAY(),"YM") & " m " & DATEDIF(D73,TODAY(),"MD") & " D "," ") -> 5 m 12 D | G73: 6548 | H73: 30383 | I73: =G73/H73 -> 0.21551526 | J73: 14 | K73: 1701 | L73: 2 | M73: 3 | N73: 0 | O73: 1 | P73: 149 | Q73: N | R73: 1 | S73: S | T73: =IFERROR(IF(U73>=1,EDATE(D73,U73),"غير محدد"),"غير محدد") -> غير محدد | U73: {=IFERROR(MID(S73,MATCH(TRUE,ISNUMBER(1*MID(S73,ROW($1:$12),1)),0),COUNT(1*MID(S73,ROW($1:$12),1))),"غير محدد")} -> غير محدد | V73: تم | W73: =الشمالي!$K72/الشمالي!$P72 -> 7.8130511 | X73: =N73/L73 -> 0 | Y73: =L73/M73 -> 0.66666667 | Z73: =O73/J73 -> 0.071428571 | AA73: =IFERROR(DATEDIF(T73,TODAY(),"MD") & " ","0 ") -> 0
A74: بني سويف غرب | B74: 2t | C74: 132 / 66 | D74: 45000 | F74: =IFERROR(DATEDIF(D74,TODAY(),"YM") & " m " & DATEDIF(D74,TODAY(),"MD") & " D "," ") -> 9 m 1 D | G74: 3260 | H74: 42267 | I74: =G74/H74 -> 0.077128729 | J74: 32 | K74: 4644 | L74: 2 | M74: 2 | N74: 0 | O74: 2 | P74: 944 | Q74: T3 | R74: 2 | S74: R&F | T74: =IFERROR(IF(U74>=1,EDATE(D74,U74),"غير محدد"),"غير محدد") -> غير محدد | U74: {=IFERROR(MID(S74,MATCH(TRUE,ISNUMBER(1*MID(S74,ROW($1:$12),1)),0),COUNT(1*MID(S74,ROW($1:$12),1))),"غير محدد")} -> غير محدد | V74: يحتاج الى إعادة | W74: =الشمالي!$K73/الشمالي!$P73 -> 11.416107 | X74: =N74/L74 -> 0 | Y74: =L74/M74 -> 1 | Z74: =O74/J74 -> 0.0625 | AA74: =IFERROR(DATEDIF(T74,TODAY(),"MD") & " ","0 ") -> 0
A75: بني سويف غرب | B75: 3T | C75: 66 / 11 | D75: 45848 | F75: =IFERROR(DATEDIF(D75,TODAY(),"YM") & " m " & DATEDIF(D75,TODAY(),"MD") & " D "," ") -> 5 m 6 D | G75: 2127 | H75: 82713 | I75: =G75/H75 -> 0.025715426 | J75: 210 | K75: 3650 | L75: 11 | M75: 12 | N75: 0 | O75: 23 | P75: 564 | Q75: T2 | R75: S3 | S75: R1 | T75: =IFERROR(IF(U75>=1,EDATE(D75,U75),"غير محدد"),"غير محدد") -> 45879 | U75: {=IFERROR(MID(S75,MATCH(TRUE,ISNUMBER(1*MID(S75,ROW($1:$12),1)),0),COUNT(1*MID(S75,ROW($1:$12),1))),"غير محدد")} -> 1 | V75: يحتاج الى إعادة | W75: =الشمالي!$K76/الشمالي!$P76 -> 9.9248366 | X75: =N75/L75 -> 0 | Y75: =L75/M75 -> 0.91666667 | Z75: =O75/J75 -> 0.10952381 | AA75: =IFERROR(DATEDIF(T75,TODAY(),"MD") & " ","0 ") -> 6
A76: بني سويف غرب | B76: 5T | C76: 66 / 11 | D76: 45403 | F76: =IFERROR(DATEDIF(D76,TODAY(),"YM") & " m " & DATEDIF(D76,TODAY(),"MD") & " D "," ") -> 7 m 25 D | G76: 10049 | H76: 80668 | I76: =G76/H76 -> 0.12457232 | J76: 133 | K76: 3037 | L76: 2 | M76: 4 | N76: 0 | O76: 2 | P76: 306 | Q76: - | R76: S2 | S76: R1 | T76: =IFERROR(IF(U76>=1,EDATE(D76,U76),"غير محدد"),"غير محدد") -> 45433 | U76: {=IFERROR(MID(S76,MATCH(TRUE,ISNUMBER(1*MID(S76,ROW($1:$12),1)),0),COUNT(1*MID(S76,ROW($1:$12),1))),"غير محدد")} -> 1 | V76: يحتاج الى إعادة | W76: =الشمالي!$K74/الشمالي!$P74 -> 4.9194915 | X76: =N76/L76 -> 0 | Y76: =L76/M76 -> 0.5 | Z76: =O76/J76 -> 0.015037594 | AA76: =IFERROR(DATEDIF(T76,TODAY(),"MD") & " ","0 ") -> 25
A77: بني سويف غرب | B77: 5T | C77: 66 / 11 | D77: 45403 | F77: =IFERROR(DATEDIF(D77,TODAY(),"YM") & " m " & DATEDIF(D77,TODAY(),"MD") & " D "," ") -> 7 m 25 D | G77: 10049 | H77: 80668 | I77: =G77/H77 -> 0.12457232 | J77: 133 | K77: 3037 | L77: 2 | M77: 4 | N77: 0 | O77: 2 | P77: 306 | Q77: - | R77: S2 | S77: R1 | T77: =IFERROR(IF(U77>=1,EDATE(D77,U77),"غير محدد"),"غير محدد") -> 45433 | U77: {=IFERROR(MID(S77,MATCH(TRUE,ISNUMBER(1*MID(S77,ROW($1:$12),1)),0),COUNT(1*MID(S77,ROW($1:$12),1))),"غير محدد")} -> 1 | V77: يحتاج الى إعادة | W77: =الشمالي!$K75/الشمالي!$P75 -> 6.4716312 | X77: =N77/L77 -> 0 | Y77: =L77/M77 -> 0.5 | Z77: =O77/J77 -> 0.015037594 | AA77: =IFERROR(DATEDIF(T77,TODAY(),"MD") & " ","0 ") -> 25
A78: بير عريضة | B78: 1T | C78: 220 / 66 | D78: 45287 | F78: =IFERROR(DATEDIF(D78,TODAY(),"YM") & " m " & DATEDIF(D78,TODAY(),"MD") & " D "," ") -> 11 m 19 D | G78: 20763 | H78: 80556 | I78: =G78/H78 -> 0.25774616 | J78: 30 | K78: 2227 | L78: 2 | M78: 1 | N78: 0 | O78: 2 | P78: 618 | Q78: T3 | R78: S3 | S78: R | T78: =IFERROR(IF(U78>=1,EDATE(D78,U78),"غير محدد"),"غير محدد") -> غير محدد | U78: {=IFERROR(MID(S78,MATCH(TRUE,ISNUMBER(1*MID(S78,ROW($1:$12),1)),0),COUNT(1*MID(S78,ROW($1:$12),1))),"غير محدد")} -> غير محدد | V78: يحتاج الى إعادة | W78: =الشمالي!$K77/الشمالي!$P77 -> 9.9248366 | X78: =N78/L78 -> 0 | Y78: =L78/M78 -> 2 | Z78: =O78/J78 -> 0.066666667 | AA78: =IFERROR(DATEDIF(T78,TODAY(),"MD") & " ","0 ") -> 0
A79: دمو | B79: 1T | C79: 66 / 11 | D79: 45146 | F79: =IFERROR(DATEDIF(D79,TODAY(),"YM") & " m " & DATEDIF(D79,TODAY(),"MD") & " D "," ") -> 4 m 8 D | G79: 22563 | H79: 54240 | I79: =G79/H79 -> 0.41598451 | J79: 180 | K79: 1223 | L79: 2 | M79: 3 | N79: 0 | O79: 3 | P79: 65 | Q79: - | R79: S2 | S79: R | T79: =IFERROR(IF(U79>=1,EDATE(D79,U79),"غير محدد"),"غير محدد") -> غير محدد | U79: {=IFERROR(MID(S79,MATCH(TRUE,ISNUMBER(1*MID(S79,ROW($1:$12),1)),0),COUNT(1*MID(S79,ROW($1:$12),1))),"غير محدد")} -> غير محدد | V79: تم | W79: =الشمالي!$K78/الشمالي!$P78 -> 3.6035599 | X79: =N79/L79 -> 0 | Y79: =L79/M79 -> 0.66666667 | Z79: =O79/J79 -> 0.016666667 | AA79: =IFERROR(DATEDIF(T79,TODAY(),"MD") & " ","0 ") -> 0
A80: دمو | B80: 1T | C80: 66 / 11 | D80: 45249 | F80: =IFERROR(DATEDIF(D80,TODAY(),"YM") & " m " & DATEDIF(D80,TODAY(),"MD") & " D "," ") -> 0 m 27 D | G80: 40504 | H80: 81801 | I80: =G80/H80 -> 0.49515287 | J80: 49 | K80: 2630 | L80: 3 | M80: 2 | N80: 0 | O80: 1 | P80: 276 | Q80: T3 | R80: S3 | S80: R | T80: =IFERROR(IF(U80>=1,EDATE(D80,U80),"غير محدد"),"غير محدد") -> غير محدد | U80: {=IFERROR(MID(S80,MATCH(TRUE,ISNUMBER(1*MID(S80,ROW($1:$12),1)),0),COUNT(1*MID(S80,ROW($1:$12),1))),"غير محدد")} -> غير محدد | V80: تم | W80: =الشمالي!$K79/الشمالي!$P79 -> 18.815385 | X80: =N80/L80 -> 0 | Y80: =L80/M80 -> 1.5 | Z80: =O80/J80 -> 0.020408163 | AA80: =IFERROR(DATEDIF(T80,TODAY(),"MD") & " ","0 ") -> 0
A81: دمو | B81: 1T | C81: 220 / 66 | D81: 45249 | F81: =IFERROR(DATEDIF(D81,TODAY(),"YM") & " m " & DATEDIF(D81,TODAY(),"MD") & " D "," ") -> 0 m 27 D | G81: 2678 | H81: 81473 | I81: =G81/H81 -> 0.032869785 | J81: 12 | K81: 6015 | L81: 3 | M81: 7 | N81: 0 | O81: 56 | P81: 1783 | Q81: T1 | R81: S3 | S81: R | T81: =IFERROR(IF(U81>=1,EDATE(D81,U81),"غير محدد"),"غير محدد") -> غير محدد | U81: {=IFERROR(MID(S81,MATCH(TRUE,ISNUMBER(1*MID(S81,ROW($1:$12),1)),0),COUNT(1*MID(S81,ROW($1:$12),1))),"غير محدد")} -> غير محدد | V81: يحتاج الى إعادة | W81: =الشمالي!$K80/الشمالي!$P80 -> 9.5289855 | X81: =N81/L81 -> 0 | Y81: =L81/M81 -> 0.42857143 | Z81: =O81/J81 -> 4.6666667 | AA81: =IFERROR(DATEDIF(T81,TODAY(),"MD") & " ","0 ") -> 0
A82: دمو | B82: 1T PH R | C82: 220 / 66 | D82: 45249 | F82: =IFERROR(DATEDIF(D82,TODAY(),"YM") & " m " & DATEDIF(D82,TODAY(),"MD") & " D "," ") -> 0 m 27 D | G82: 2773 | H82: 83101 | I82: =G82/H82 -> 0.033369033 | J82: 25 | K82: 5336 | L82: 3 | M82: 4 | N82: 0 | O82: 21 | P82: 1347 | Q82: T1 | R82: S3 | S82: R | T82: =IFERROR(IF(U82>=1,EDATE(D82,U82),"غير محدد"),"غير محدد") -> غير محدد | U82: {=IFERROR(MID(S82,MATCH(TRUE,ISNUMBER(1*MID(S82,ROW($1:$12),1)),0),COUNT(1*MID(S82,ROW($1:$12),1))),"غير محدد")} -> غير محدد | V82: يحتاج الى إعادة | W82: =الشمالي!$K81/الشمالي!$P81 -> 3.3735278 | X82: =N82/L82 -> 0 | Y82: =L82/M82 -> 0.75 | Z82: =O82/J82 -> 0.84 | AA82: =IFERROR(DATEDIF(T82,TODAY(),"MD") & " ","0 ") -> 0
A83: دمو | B83: 1T PH S | C83: 220 / 66 | D83: 45249 | F83: =IFERROR(DATEDIF(D83,TODAY(),"YM") & " m " & DATEDIF(D83,TODAY(),"MD") & " D "," ") -> 0 m 27 D | G83: 2349 | H83: 70053 | I83: =G83/H83 -> 0.033531755 | J83: 31 | K83: 5522 | L83: 3 | M83: 5 | N83: 0 | O83: 28 | P83: 1649 | Q83: T1 | R83: S3 | S83: R | T83: =IFERROR(IF(U83>=1,EDATE(D83,U83),"غير محدد"),"غير محدد") -> غير محدد | U83: {=IFERROR(MID(S83,MATCH(TRUE,ISNUMBER(1*MID(S83,ROW($1:$12),1)),0),COUNT(1*MID(S83,ROW($1:$12),1))),"غير محدد")} -> غير محدد | V83: يحتاج الى إعادة | W83: =الشمالي!$K82/الشمالي!$P82 -> 3.9613957 | X83: =N83/L83 -> 0 | Y83: =L83/M83 -> 0.6 | Z83: =O83/J83 -> 0.90322581 | AA83: =IFERROR(DATEDIF(T83,TODAY(),"MD") & " ","0 ") -> 0
A84: دمو | B84: 2T | C84: 66 / 11 | D84: 44867 | F84: =IFERROR(DATEDIF(D84,TODAY(),"YM") & " m " & DATEDIF(D84,TODAY(),"MD") & " D "," ") -> 1 m 14 D | G84: 18733 | H84: 55025 | I84: =G84/H84 -> 0.34044525 | J84: 110 | K84: 1246 | L84: 4 | M84: 4 | N84: 0 | O84: 1 | P84: 57 | Q84: T3 | R84: 2 | S84: R | T84: =IFERROR(IF(U84>=1,EDATE(D84,U84),"غير محدد"),"غير محدد") -> غير محدد | U84: {=IFERROR(MID(S84,MATCH(TRUE,ISNUMBER(1*MID(S84,ROW($1:$12),1)),0),COUNT(1*MID(S84,ROW($1:$12),1))),"غير محدد")} -> غير محدد | V84: تم | W84: =الشمالي!$K83/الشمالي!$P83 -> 3.3486962 | X84: =N84/L84 -> 0 | Y84: =L84/M84 -> 1 | Z84: =O84/J84 -> 0.0090909091 | AA84: =IFERROR(DATEDIF(T84,TODAY(),"MD") & " ","0 ") -> 0
A85: دمو | B85: 2T | C85: 220 / 66 | D85: 44867 | F85: =IFERROR(DATEDIF(D85,TODAY(),"YM") & " m " & DATEDIF(D85,TODAY(),"MD") & " D "," ") -> 1 m 14 D | G85: 8227 | H85: 52901 | I85: =G85/H85 -> 0.15551691 | J85: 10 | K85: 1840 | L85: 2 | M85: 3 | N85: 0 | O85: 8 | P85: 724 | Q85: T2 | R85: 2 | S85: R&F | T85: =IFERROR(IF(U85>=1,EDATE(D85,U85),"غير محدد"),"غير محدد") -> غير محدد | U85: {=IFERROR(MID(S85,MATCH(TRUE,ISNUMBER(1*MID(S85,ROW($1:$12),1)),0),COUNT(1*MID(S85,ROW($1:$12),1))),"غير محدد")} -> غير محدد | V85: تم | W85: =الشمالي!$K84/الشمالي!$P84 -> 21.859649 | X85: =N85/L85 -> 0 | Y85: =L85/M85 -> 0.66666667 | Z85: =O85/J85 -> 0.8 | AA85: =IFERROR(DATEDIF(T85,TODAY(),"MD") & " ","0 ") -> 0
A86: دمو | B86: 2T | C86: 220 / 66 | D86: 45146 | F86: =IFERROR(DATEDIF(D86,TODAY(),"YM") & " m " & DATEDIF(D86,TODAY(),"MD") & " D "," ") -> 4 m 8 D | G86: 2494 | H86: 65616 | I86: =G86/H86 -> 0.038009022 | J86: 140 | K86: 3609 | L86: 7 | M86: 3 | N86: 0 | O86: 2 | P86: 413 | Q86: T3 | R86: s3 | S86: R | T86: =IFERROR(IF(U86>=1,EDATE(D86,U86),"غير محدد"),"غير محدد") -> غير محدد | U86: {=IFERROR(MID(S86,MATCH(TRUE,ISNUMBER(1*MID(S86,ROW($1:$12),1)),0),COUNT(1*MID(S86,ROW($1:$12),1))),"غير محدد")} -> غير محدد | V86: يحتاج الى إعادة | W86: =الشمالي!$K85/الشمالي!$P85 -> 2.5414365 | X86: =N86/L86 -> 0 | Y86: =L86/M86 -> 2.3333333 | Z86: =O86/J86 -> 0.014285714 | AA86: =IFERROR(DATEDIF(T86,TODAY(),"MD") & " ","0 ") -> 0
A87: دمو | B87: 2T | C87: 66 / 11 | D87: 45249 | F87: =IFERROR(DATEDIF(D87,TODAY(),"YM") & " m " & DATEDIF(D87,TODAY(),"MD") & " D "," ") -> 0 m 27 D | G87: 33607 | H87: 88565 | I87: =G87/H87 -> 0.37946141 | J87: 49 | K87: 2276 | L87: 3 | M87: 2 | N87: 0 | O87: 3 | P87: 307 | Q87: T2 | R87: S3 | S87: R&I | T87: =IFERROR(IF(U87>=1,EDATE(D87,U87),"غير محدد"),"غير محدد") -> غير محدد | U87: {=IFERROR(MID(S87,MATCH(TRUE,ISNUMBER(1*MID(S87,ROW($1:$12),1)),0),COUNT(1*MID(S87,ROW($1:$12),1))),"غير محدد")} -> غير محدد | V87: تم | W87: =الشمالي!$K86/الشمالي!$P86 -> 8.7384988 | X87: =N87/L87 -> 0 | Y87: =L87/M87 -> 1.5 | Z87: =O87/J87 -> 0.06122449 | AA87: =IFERROR(DATEDIF(T87,TODAY(),"MD") & " ","0 ") -> 0
A88: دمو | B88: 2T | C88: 66 / 11 | D88: 45405 | F88: =IFERROR(DATEDIF(D88,TODAY(),"YM") & " m " & DATEDIF(D88,TODAY(),"MD") & " D "," ") -> 7 m 23 D | G88: 23743 | H88: 50360 | I88: =G88/H88 -> 0.47146545 | J88: 72 | K88: 1686 | L88: 3 | M88: 2 | N88: 0 | O88: 1 | P88: 192 | Q88: T3 | R88: S3 | S88: R1 | T88: =IFERROR(IF(U88>=1,EDATE(D88,U88),"غير محدد"),"غير محدد") -> 45435 | U88: {=IFERROR(MID(S88,MATCH(TRUE,ISNUMBER(1*MID(S88,ROW($1:$12),1)),0),COUNT(1*MID(S88,ROW($1:$12),1))),"غير محدد")} -> 1 | V88: يحتاج الى إعادة | W88: =الشمالي!$K87/الشمالي!$P87 -> 7.4136808 | X88: =N88/L88 -> 0 | Y88: =L88/M88 -> 1.5 | Z88: =O88/J88 -> 0.013888889 | AA88: =IFERROR(DATEDIF(T88,TODAY(),"MD") & " ","0 ") -> 23
A89: دمو | B89: 3T | C89: 220 / 66 | D89: 45146 | F89: =IFERROR(DATEDIF(D89,TODAY(),"YM") & " m " & DATEDIF(D89,TODAY(),"MD") & " D "," ") -> 4 m 8 D | G89: 6269 | H89: 69802 | I89: =G89/H89 -> 0.08981118 | J89: 41 | K89: 3473 | L89: 17 | M89: 4 | N89: 2 | O89: 1 | P89: 439 | Q89: T3 | R89: 2 | S89: R | T89: =IFERROR(IF(U89>=1,EDATE(D89,U89),"غير محدد"),"غير محدد") -> غير محدد | U89: {=IFERROR(MID(S89,MATCH(TRUE,ISNUMBER(1*MID(S89,ROW($1:$12),1)),0),COUNT(1*MID(S89,ROW($1:$12),1))),"غير محدد")} -> غير محدد | V89: تم | W89: =الشمالي!$K88/الشمالي!$P88 -> 8.78125 | X89: =N89/L89 -> 0.11764706 | Y89: =L89/M89 -> 4.25 | Z89: =O89/J89 -> 0.024390244 | AA89: =IFERROR(DATEDIF(T89,TODAY(),"MD") & " ","0 ") -> 0
A90: سمسطا | B90: 1 | C90: 66 / 11 | D90: 45833 | F90: =IFERROR(DATEDIF(D90,TODAY(),"YM") & " m " & DATEDIF(D90,TODAY(),"MD") & " D "," ") -> 5 m 21 D | G90: 7567 | H90: 100594 | I90: =G90/H90 -> 0.075223174 | J90: 249 | K90: 5721 | L90: 1 | M90: 4 | N90: 0 | O90: 4 | P90: 506 | Q90: T1 | R90: S3 | S90: R1 | T90: =IFERROR(IF(U90>=1,EDATE(D90,U90),"غير محدد"),"غير محدد") -> 45863 | U90: {=IFERROR(MID(S90,MATCH(TRUE,ISNUMBER(1*MID(S90,ROW($1:$11),1)),0),COUNT(1*MID(S90,ROW($1:$11),1))),"غير محدد")} -> 1 | V90: يحتاج الى إعادة | W90: =الشمالي!$K125/الشمالي!$P125 -> 13.290476 | X90: =N90/L90 -> 0 | Y90: =L90/M90 -> 0.25 | Z90: =O90/J90 -> 0.016064257 | AA90: =IFERROR(DATEDIF(T90,TODAY(),"MD") & " ","0 ") -> 21
A91: سنورس | B91: 3T | C91: 66 / 11 | D91: 45321 | F91: =IFERROR(DATEDIF(D91,TODAY(),"YM") & " m " & DATEDIF(D91,TODAY(),"MD") & " D "," ") -> 10 m 16 D | G91: 23766 | H91: 91520 | I91: =G91/H91 -> 0.25968094 | J91: 88 | K91: 1799 | L91: 4 | M91: 3 | N91: 0 | O91: 12 | P91: 202 | Q91: - | R91: S2 | S91: R | T91: =IFERROR(IF(U91>=1,EDATE(D91,U91),"غير محدد"),"غير محدد") -> غير محدد | U91: {=IFERROR(MID(S91,MATCH(TRUE,ISNUMBER(1*MID(S91,ROW($1:$12),1)),0),COUNT(1*MID(S91,ROW($1:$12),1))),"غير محدد")} -> غير محدد | V91: يحتاج الى إعادة | W91: =الشمالي!$K89/الشمالي!$P89 -> 7.9111617 | X91: =N91/L91 -> 0 | Y91: =L91/M91 -> 1.3333333 | Z91: =O91/J91 -> 0.13636364 | AA91: =IFERROR(DATEDIF(T91,TODAY(),"MD") & " ","0 ") -> 0
A92: طامية | B92: 1T | C92: 220 / 66 | D92: 45575 | F92: =IFERROR(DATEDIF(D92,TODAY(),"YM") & " m " & DATEDIF(D92,TODAY(),"MD") & " D "," ") -> 2 m 6 D | G92: 29814 | H92: 83393 | I92: =G92/H92 -> 0.35751202 | J92: 415 | K92: 2837 | L92: 3 | M92: 12 | N92: 0 | O92: 3 | P92: 458 | Q92: T3 | R92: S3 | S92: R1 | T92: =IFERROR(IF(U92>=1,EDATE(D92,U92),"غير محدد"),"غير محدد") -> 45606 | U92: {=IFERROR(MID(S92,MATCH(TRUE,ISNUMBER(1*MID(S92,ROW($1:$11),1)),0),COUNT(1*MID(S92,ROW($1:$11),1))),"غير محدد")} -> 1 | V92: يحتاج الى إعادة | W92: =الشمالي!$K120/الشمالي!$P120 -> 12.032389 | X92: =N92/L92 -> 0 | Y92: =L92/M92 -> 0.25 | Z92: =O92/J92 -> 0.0072289157 | AA92: =IFERROR(DATEDIF(T92,TODAY(),"MD") & " ","0 ") -> 6
A93: غرب الفيوم | B93: 1T | C93: 220 / 66 | D93: 44577 | F93: =IFERROR(DATEDIF(D93,TODAY(),"YM") & " m " & DATEDIF(D93,TODAY(),"MD") & " D "," ") -> 11 m 0 D | G93: 3914 | H93: 18638 | I93: =G93/H93 -> 0.21000107 | J93: 35 | K93: 2947 | L93: 4 | M93: 2 | N93: 0 | O93: 16 | P93: 206 | Q93: N | R93: 1 | S93: S | T93: =IFERROR(IF(U93>=1,EDATE(D93,U93),"غير محدد"),"غير محدد") -> غير محدد | U93: {=IFERROR(MID(S93,MATCH(TRUE,ISNUMBER(1*MID(S93,ROW($1:$12),1)),0),COUNT(1*MID(S93,ROW($1:$12),1))),"غير محدد")} -> غير محدد | V93: تم | W93: =الشمالي!$K90/الشمالي!$P90 -> 11.306324 | X93: =N93/L93 -> 0 | Y93: =L93/M93 -> 2 | Z93: =O93/J93 -> 0.45714286 | AA93: =IFERROR(DATEDIF(T93,TODAY(),"MD") & " ","0 ") -> 0
A94: غرب الفيوم | B94: 1T | C94: 220 / 66 | D94: 44943 | F94: =IFERROR(DATEDIF(D94,TODAY(),"YM") & " m " & DATEDIF(D94,TODAY(),"MD") & " D "," ") -> 10 m 29 D | G94: 4557 | H94: 19118 | I94: =G94/H94 -> 0.23836175 | J94: 22 | K94: 410 | L94: 2 | M94: 14 | N94: 2 | O94: 1 | P94: 269 | Q94: N | R94: 1 | S94: S | T94: =IFERROR(IF(U94>=1,EDATE(D94,U94),"غير محدد"),"غير محدد") -> غير محدد | U94: {=IFERROR(MID(S94,MATCH(TRUE,ISNUMBER(1*MID(S94,ROW($1:$12),1)),0),COUNT(1*MID(S94,ROW($1:$12),1))),"غير محدد")} -> غير محدد | V94: تم | W94: =الشمالي!$K91/الشمالي!$P91 -> 8.9059406 | X94: =N94/L94 -> 1 | Y94: =L94/M94 -> 0.14285714 | Z94: =O94/J94 -> 0.045454545 | AA94: =IFERROR(DATEDIF(T94,TODAY(),"MD") & " ","0 ") -> 0
A95: غرب الفيوم | B95: 1T | C95: 220 / 66 | D95: 45760 | F95: =IFERROR(DATEDIF(D95,TODAY(),"YM") & " m " & DATEDIF(D95,TODAY(),"MD") & " D "," ") -> 8 m 3 D | G95: 10093 | H95: 35603 | I95: =G95/H95 -> 0.28348735 | J95: 11 | K95: 4871 | L95: 4 | M95: 10 | N95: 0 | O95: 1 | P95: 489 | Q95: T3 | R95: S3 | S95: R3 | T95: =IFERROR(IF(U95>=1,EDATE(D95,U95),"غير محدد"),"غير محدد") -> 45851 | U95: {=IFERROR(MID(S95,MATCH(TRUE,ISNUMBER(1*MID(S95,ROW($1:$12),1)),0),COUNT(1*MID(S95,ROW($1:$12),1))),"غير محدد")} -> 3 | V95: يحتاج الى إعادة | W95: =الشمالي!$K92/الشمالي!$P92 -> 6.1943231 | X95: =N95/L95 -> 0 | Y95: =L95/M95 -> 0.4 | Z95: =O95/J95 -> 0.090909091 | AA95: =IFERROR(DATEDIF(T95,TODAY(),"MD") & " ","0 ") -> 3
A96: غرب الفيوم | B96: 2T | C96: 220 / 66 | D96: 44601 | F96: =IFERROR(DATEDIF(D96,TODAY(),"YM") & " m " & DATEDIF(D96,TODAY(),"MD") & " D "," ") -> 10 m 7 D | G96: 5774 | H96: 24735 | I96: =G96/H96 -> 0.2334344 | J96: 11 | K96: 4018 | L96: 2 | M96: 5 | N96: 0 | O96: 1 | P96: 211 | Q96: N | R96: 1 | S96: S | T96: =IFERROR(IF(U96>=1,EDATE(D96,U96),"غير محدد"),"غير محدد") -> غير محدد | U96: {=IFERROR(MID(S96,MATCH(TRUE,ISNUMBER(1*MID(S96,ROW($1:$12),1)),0),COUNT(1*MID(S96,ROW($1:$12),1))),"غير محدد")} -> غير محدد | V96: تم | W96: =الشمالي!$K92/الشمالي!$P92 -> 6.1943231 | X96: =N96/L96 -> 0 | Y96: =L96/M96 -> 0.4 | Z96: =O96/J96 -> 0.090909091 | AA96: =IFERROR(DATEDIF(T96,TODAY(),"MD") & " ","0 ") -> 0
A97: غرب الفيوم | B97: 2T | C97: 66 / 11 | D97: 45321 | F97: =IFERROR(DATEDIF(D97,TODAY(),"YM") & " m " & DATEDIF(D97,TODAY(),"MD") & " D "," ") -> 10 m 16 D | G97: 1605 | H97: 98076 | I97: =G97/H97 -> 0.01636486 | J97: 23 | K97: 3013 | L97: 102 | M97: 24 | N97: 4 | O97: 17 | P97: 294 | Q97: T3 | R97: S3 | S97: R | T97: =IFERROR(IF(U97>=1,EDATE(D97,U97),"غير محدد"),"غير محدد") -> غير محدد | U97: {=IFERROR(MID(S97,MATCH(TRUE,ISNUMBER(1*MID(S97,ROW($1:$12),1)),0),COUNT(1*MID(S97,ROW($1:$12),1))),"غير محدد")} -> غير محدد | V97: تم | W97: =الشمالي!$K93/الشمالي!$P93 -> 14.305825 | X97: =N97/L97 -> 0.039215686 | Y97: =L97/M97 -> 4.25 | Z97: =O97/J97 -> 0.73913043 | AA97: =IFERROR(DATEDIF(T97,TODAY(),"MD") & " ","0 ") -> 0
A98: غرب الفيوم | B98: 2T | C98: 66 / 11 | D98: 45760 | F98: =IFERROR(DATEDIF(D98,TODAY(),"YM") & " m " & DATEDIF(D98,TODAY(),"MD") & " D "," ") -> 8 m 3 D | G98: 24256 | H98: 55920 | I98: =G98/H98 -> 0.43376252 | J98: 16 | K98: 3629 | L98: 165 | M98: 40 | N98: 6 | O98: 1 | P98: 259 | Q98: T3 | R98: S3 | S98: R1 | T98: =IFERROR(IF(U98>=1,EDATE(D98,U98),"غير محدد"),"غير محدد") -> 45790 | U98: {=IFERROR(MID(S98,MATCH(TRUE,ISNUMBER(1*MID(S98,ROW($1:$12),1)),0),COUNT(1*MID(S98,ROW($1:$12),1))),"غير محدد")} -> 1 | V98: يحتاج الى إعادة | W98: =الشمالي!$K97/الشمالي!$P97 -> 10.248299 | X98: =N98/L98 -> 0.036363636 | Y98: =L98/M98 -> 4.125 | Z98: =O98/J98 -> 0.0625 | AA98: =IFERROR(DATEDIF(T98,TODAY(),"MD") & " ","0 ") -> 3
A99: غرب الفيوم | B99: 3T | C99: 220 / 66 | D99: 44577 | F99: =IFERROR(DATEDIF(D99,TODAY(),"YM") & " m " & DATEDIF(D99,TODAY(),"MD") & " D "," ") -> 11 m 0 D | G99: 2281 | H99: 66843 | I99: =G99/H99 -> 0.03412474 | J99: 83 | K99: 1194 | L99: 3 | M99: 158 | N99: 0 | O99: 66 | P99: 130 | Q99: N | R99: 1 | S99: S | T99: =IFERROR(IF(U99>=1,EDATE(D99,U99),"غير محدد"),"غير محدد") -> غير محدد | U99: {=IFERROR(MID(S99,MATCH(TRUE,ISNUMBER(1*MID(S99,ROW($1:$12),1)),0),COUNT(1*MID(S99,ROW($1:$12),1))),"غير محدد")} -> غير محدد | V99: تم | W99: =الشمالي!$K95/الشمالي!$P95 -> 9.9611452 | X99: =N99/L99 -> 0 | Y99: =L99/M99 -> 0.018987342 | Z99: =O99/J99 -> 0.79518072 | AA99: =IFERROR(DATEDIF(T99,TODAY(),"MD") & " ","0 ") -> 0
A100: غرب الفيوم | B100: 3T | C100: 220 / 66 | D100: 45321 | F100: =IFERROR(DATEDIF(D100,TODAY(),"YM") & " m " & DATEDIF(D100,TODAY(),"MD") & " D "," ") -> 10 m 16 D | G100: 7565 | H100: 101734 | I100: =G100/H100 -> 0.074360587 | J100: 26 | K100: 1302 | L100: 3 | M100: 166 | N100: 0 | O100: 88 | P100: 168 | Q100: - | R100: S2 | S100: R | T100: =IFERROR(IF(U100>=1,EDATE(D100,U100),"غير محدد"),"غير محدد") -> غير محدد | U100: {=IFERROR(MID(S100,MATCH(TRUE,ISNUMBER(1*MID(S100,ROW($1:$12),1)),0),COUNT(1*MID(S100,ROW($1:$12),1))),"غير محدد")} -> غير محدد | V100: تم | W100: =الشمالي!$K97/الشمالي!$P97 -> 10.248299 | X100: =N100/L100 -> 0 | Y100: =L100/M100 -> 0.018072289 | Z100: =O100/J100 -> 3.3846154 | AA100: =IFERROR(DATEDIF(T100,TODAY(),"MD") & " ","0 ") -> 0
A101: غرب الفيوم | B101: 3T | C101: 220 / 66 | D101: 45405 | F101: =IFERROR(DATEDIF(D101,TODAY(),"YM") & " m " & DATEDIF(D101,TODAY(),"MD") & " D "," ") -> 7 m 23 D | G101: 6765 | H101: 80712 | I101: =G101/H101 -> 0.083816533 | J101: 22 | K101: 1172 | L101: 1 | M101: 115 | N101: 0 | O101: 73 | P101: 136 | Q101: PD | R101: S3 | S101: R6 | T101: =IFERROR(IF(U101>=1,EDATE(D101,U101),"غير محدد"),"غير محدد") -> 45588 | U101: {=IFERROR(MID(S101,MATCH(TRUE,ISNUMBER(1*MID(S101,ROW($1:$12),1)),0),COUNT(1*MID(S101,ROW($1:$12),1))),"غير محدد")} -> 6 | V101: تم | W101: =الشمالي!$K98/الشمالي!$P98 -> 14.011583 | X101: =N101/L101 -> 0 | Y101: =L101/M101 -> 0.0086956522 | Z101: =O101/J101 -> 3.3181818 | AA101: =IFERROR(DATEDIF(T101,TODAY(),"MD") & " ","0 ") -> 23
A102: غرب الفيوم | B102: 3T | C102: 220 / 66 | D102: 45622 | F102: =IFERROR(DATEDIF(D102,TODAY(),"YM") & " m " & DATEDIF(D102,TODAY(),"MD") & " D "," ") -> 0 m 20 D | G102: 9553 | H102: 138454 | I102: =G102/H102 -> 0.068997645 | J102: 25 | K102: 1121 | L102: 3 | M102: 130 | N102: 0 | O102: 52 | P102: 162 | Q102: - | R102: S2 | S102: R3 | T102: =IFERROR(IF(U102>=1,EDATE(D102,U102),"غير محدد"),"غير محدد") -> 45714 | U102: {=IFERROR(MID(S102,MATCH(TRUE,ISNUMBER(1*MID(S102,ROW($1:$12),1)),0),COUNT(1*MID(S102,ROW($1:$12),1))),"غير محدد")} -> 3 | V102: تم | W102: =الشمالي!$K99/الشمالي!$P99 -> 9.1846154 | X102: =N102/L102 -> 0 | Y102: =L102/M102 -> 0.023076923 | Z102: =O102/J102 -> 2.08 | AA102: =IFERROR(DATEDIF(T102,TODAY(),"MD") & " ","0 ") -> 20
A103: غرب الفيوم | B103: 3T | C103: 220 / 66 | D103: 45760 | F103: =IFERROR(DATEDIF(D103,TODAY(),"YM") & " m " & DATEDIF(D103,TODAY(),"MD") & " D "," ") -> 8 m 3 D | G103: 1368 | H103: 58788 | I103: =G103/H103 -> 0.023270055 | J103: 32 | K103: 1783 | L103: 4 | M103: 214 | N103: 3 | O103: 73 | P103: 136 | Q103: D1 | R103: S3 | S103: R6 | T103: =IFERROR(IF(U103>=1,EDATE(D103,U103),"غير محدد"),"غير محدد") -> 45943 | U103: {=IFERROR(MID(S103,MATCH(TRUE,ISNUMBER(1*MID(S103,ROW($1:$12),1)),0),COUNT(1*MID(S103,ROW($1:$12),1))),"غير محدد")} -> 6 | V103: تم | W103: =الشمالي!$K109/الشمالي!$P109 -> 16.652174 | X103: =N103/L103 -> 0.75 | Y103: =L103/M103 -> 0.018691589 | Z103: =O103/J103 -> 2.28125 | AA103: =IFERROR(DATEDIF(T103,TODAY(),"MD") & " ","0 ") -> 3
...

Sheet المنيا
A1: المحطة | B1: المحول | C1: الجهد | D1: تاريخ العينة | E1: حتى اليوم | F1: O2 | G1: N2 | H1: O2/N2 | I1: H2 | J1: CO2 | K1: C2H4 | L1: C2H6 | M1: C2H2 | N1: CH4 | O1: CO | P1: Result of analysis | Q1: DGA | R1: C.Recommended | S1: تاريخ إعادة التحاليل | T1: عمود1 | U1: الحالة | V1: CO2 / CO | W1: C2H2/ C2H4 | X1: C2H4/ C2H6 | Y1: CH4 /H2 | Z1: عمود2
A2: اسمنت المنيا | B2: 1T | C2: 132 / 6.3 | D2: 45372 | E2: =IFERROR(DATEDIF(D2,TODAY(),"YM") & " m " & DATEDIF(D2,TODAY(),"MD") & " D "," ") -> 8 m 25 D | F2: 22362 | G2: 66220 | H2: =الجدول1[[#This Row],[O2]]/الجدول1[[#This Row],[N2]] -> 0.33769254 | I2: 15 | J2: 2109 | K2: 2 | L2: 2 | M2: 0 | N2: 2 | O2: 85 | P2: N | Q2: S1 | R2: A | S2: =IFERROR(IF(T2>=1,EDATE(D2,T2),"غير محدد"),"غير محدد") -> غير محدد | T2: {=IFERROR(MID(R2,MATCH(TRUE,ISNUMBER(1*MID(R2,ROW($1:$13),1)),0),COUNT(1*MID(R2,ROW($1:$13),1))),"غير محدد")} -> غير محدد | U2: تم | V2: =الجدول1[[#This Row],[CO2]]/الجدول1[[#This Row],[CO]] -> 24.811765 | W2: =الجدول1[[#This Row],[C2H2]]/الجدول1[[#This Row],[C2H4]] -> 0 | X2: =الجدول1[[#This Row],[C2H4]]/الجدول1[[#This Row],[C2H6]] -> 1 | Y2: =الجدول1[[#This Row],[CH4]]/الجدول1[[#This Row],[H2]] -> 0.13333333 | Z2: =IFERROR(DATEDIF(S2,TODAY(),"MD") & " ","0 ") -> 0
A3: اسمنت المنيا | B3: 2T | C3: 132 / 6.3 | D3: 45372 | E3: =IFERROR(DATEDIF(D3,TODAY(),"YM") & " m " & DATEDIF(D3,TODAY(),"MD") & " D "," ") -> 8 m 25 D | F3: 29848 | G3: 81574 | H3: =الجدول1[[#This Row],[O2]]/الجدول1[[#This Row],[N2]] -> 0.3659009 | I3: 8 | J3: 2292 | K3: 2 | L3: 2 | M3: 0 | N3: 1 | O3: 128 | P3: N | Q3: S1 | R3: A | S3: =IFERROR(IF(T3>=1,EDATE(D3,T3),"غير محدد"),"غير محدد") -> غير محدد | T3: {=IFERROR(MID(R3,MATCH(TRUE,ISNUMBER(1*MID(R3,ROW($1:$13),1)),0),COUNT(1*MID(R3,ROW($1:$13),1))),"غير محدد")} -> غير محدد | U3: تم | V3: =الجدول1[[#This Row],[CO2]]/الجدول1[[#This Row],[CO]] -> 17.90625 | W3: =الجدول1[[#This Row],[C2H2]]/الجدول1[[#This Row],[C2H4]] -> 0 | X3: =الجدول1[[#This Row],[C2H4]]/الجدول1[[#This Row],[C2H6]] -> 1 | Y3: =الجدول1[[#This Row],[CH4]]/الجدول1[[#This Row],[H2]] -> 0.125 | Z3: =IFERROR(DATEDIF(S3,TODAY(),"MD") & " ","0 ") -> 0
A4: الباويطي | B4: 1T | C4: 33 / 11 | D4: 45286 | E4: =IFERROR(DATEDIF(D4,TODAY(),"YM") & " m " & DATEDIF(D4,TODAY(),"MD") & " D "," ") -> 11 m 20 D | F4: 25832 | G4: 80093 | H4: =الجدول1[[#This Row],[O2]]/الجدول1[[#This Row],[N2]] -> 0.32252506 | I4: 53 | J4: 4652 | K4: 2 | L4: 3 | M4: 0 | N4: 2 | O4: 303 | P4: T3 | Q4: S3 | R4: R | S4: =IFERROR(IF(T4>=1,EDATE(D4,T4),"غير محدد"),"غير محدد") -> غير محدد | T4: {=IFERROR(MID(R4,MATCH(TRUE,ISNUMBER(1*MID(R4,ROW($1:$13),1)),0),COUNT(1*MID(R4,ROW($1:$13),1))),"غير محدد")} -> غير محدد | U4: تم | V4: =الجدول1[[#This Row],[CO2]]/الجدول1[[#This Row],[CO]] -> 15.353135 | W4: =الجدول1[[#This Row],[C2H2]]/الجدول1[[#This Row],[C2H4]] -> 0 | X4: =الجدول1[[#This Row],[C2H4]]/الجدول1[[#This Row],[C2H6]] -> 0.66666667 | Y4: =الجدول1[[#This Row],[CH4]]/الجدول1[[#This Row],[H2]] -> 0.037735849 | Z4: =IFERROR(DATEDIF(S4,TODAY(),"MD") & " ","0 ") -> 0
A5: الباويطي | B5: 2T | C5: 33 / 11 | D5: 45286 | E5: =IFERROR(DATEDIF(D5,TODAY(),"YM") & " m " & DATEDIF(D5,TODAY(),"MD") & " D "," ") -> 11 m 20 D | F5: 25916 | G5: 77958 | H5: =الجدول1[[#This Row],[O2]]/الجدول1[[#This Row],[N2]] -> 0.33243541 | I5: 53 | J5: 1626 | K5: 2 | L5: 3 | M5: 0 | N5: 3 | O5: 141 | P5: T2 | Q5: S3 | R5: R | S5: =IFERROR(IF(T5>=1,EDATE(D5,T5),"غير محدد"),"غير محدد") -> غير محدد | T5: {=IFERROR(MID(R5,MATCH(TRUE,ISNUMBER(1*MID(R5,ROW($1:$13),1)),0),COUNT(1*MID(R5,ROW($1:$13),1))),"غير محدد")} -> غير محدد | U5: يحتاج الى إعادة | V5: =الجدول1[[#This Row],[CO2]]/الجدول1[[#This Row],[CO]] -> 11.531915 | W5: =الجدول1[[#This Row],[C2H2]]/الجدول1[[#This Row],[C2H4]] -> 0 | X5: =الجدول1[[#This Row],[C2H4]]/الجدول1[[#This Row],[C2H6]] -> 0.66666667 | Y5: =الجدول1[[#This Row],[CH4]]/الجدول1[[#This Row],[H2]] -> 0.056603774 | Z5: =IFERROR(DATEDIF(S5,TODAY(),"MD") & " ","0 ") -> 0
A6: القناة للسكر | B6: 2T | C6: 220 / 33 | D6: 45480 | E6: =IFERROR(DATEDIF(D6,TODAY(),"YM") & " m " & DATEDIF(D6,TODAY(),"MD") & " D "," ") -> 5 m 9 D | F6: 18330 | G6: 81658 | H6: =الجدول1[[#This Row],[O2]]/الجدول1[[#This Row],[N2]] -> 0.2244728 | I6: 22 | J6: 1968 | K6: 1 | L6: 6 | M6: 0 | N6: 1 | O6: 179 | P6: N | Q6: S1 | R6: A | S6: =IFERROR(IF(T6>=1,EDATE(D6,T6),"غير محدد"),"غير محدد") -> غير محدد | T6: {=IFERROR(MID(R6,MATCH(TRUE,ISNUMBER(1*MID(R6,ROW($1:$13),1)),0),COUNT(1*MID(R6,ROW($1:$13),1))),"غير محدد")} -> غير محدد | U6: تم | V6: =الجدول1[[#This Row],[CO2]]/الجدول1[[#This Row],[CO]] -> 10.994413 | W6: =الجدول1[[#This Row],[C2H2]]/الجدول1[[#This Row],[C2H4]] -> 0 | X6: =الجدول1[[#This Row],[C2H4]]/الجدول1[[#This Row],[C2H6]] -> 0.16666667 | Y6: =الجدول1[[#This Row],[CH4]]/الجدول1[[#This Row],[H2]] -> 0.045454545 | Z6: =IFERROR(DATEDIF(S6,TODAY(),"MD") & " ","0 ") -> 0
A7: القناة للسكر | B7: 2T | C7: 220 / 33 | D7: 45875 | E7: =IFERROR(DATEDIF(D7,TODAY(),"YM") & " m " & DATEDIF(D7,TODAY(),"MD") & " D "," ") -> 4 m 10 D | F7: 30226 | G7: 117829 | H7: =الجدول1[[#This Row],[O2]]/الجدول1[[#This Row],[N2]] -> 0.25652429 | I7: 27 | J7: 5990 | K7: 2 | L7: 1 | M7: 0 | N7: 1 | O7: 824 | P7: T3 | Q7: S3 | R7: R3 | S7: =IFERROR(IF(T7>=1,EDATE(D7,T7),"غير محدد"),"غير محدد") -> 45967 | T7: {=IFERROR(MID(R7,MATCH(TRUE,ISNUMBER(1*MID(R7,ROW($1:$13),1)),0),COUNT(1*MID(R7,ROW($1:$13),1))),"غير محدد")} -> 3 | U7: يحتاج الى إعادة | V7: =الجدول1[[#This Row],[CO2]]/الجدول1[[#This Row],[CO]] -> 7.2694175 | W7: =الجدول1[[#This Row],[C2H2]]/الجدول1[[#This Row],[C2H4]] -> 0 | X7: =الجدول1[[#This Row],[C2H4]]/الجدول1[[#This Row],[C2H6]] -> 2 | Y7: =الجدول1[[#This Row],[CH4]]/الجدول1[[#This Row],[H2]] -> 0.037037037 | Z7: =IFERROR(DATEDIF(S7,TODAY(),"MD") & " ","0 ") -> 10
A8: الواحات | B8: 2T | C8: 132 / 33 | D8: 45286 | E8: =IFERROR(DATEDIF(D8,TODAY(),"YM") & " m " & DATEDIF(D8,TODAY(),"MD") & " D "," ") -> 11 m 20 D | F8: 27497 | G8: 70251 | H8: =الجدول1[[#This Row],[O2]]/الجدول1[[#This Row],[N2]] -> 0.3914108 | I8: 77 | J8: 2303 | K8: 4 | L8: 3 | M8: 0 | N8: 2 | O8: 250 | P8: T2 | Q8: S3 | R8: R | S8: =IFERROR(IF(T8>=1,EDATE(D8,T8),"غير محدد"),"غير محدد") -> غير محدد | T8: {=IFERROR(MID(R8,MATCH(TRUE,ISNUMBER(1*MID(R8,ROW($1:$13),1)),0),COUNT(1*MID(R8,ROW($1:$13),1))),"غير محدد")} -> غير محدد | U8: يحتاج الى إعادة | V8: =الجدول1[[#This Row],[CO2]]/الجدول1[[#This Row],[CO]] -> 9.212 | W8: =الجدول1[[#This Row],[C2H2]]/الجدول1[[#This Row],[C2H4]] -> 0 | X8: =الجدول1[[#This Row],[C2H4]]/الجدول1[[#This Row],[C2H6]] -> 1.3333333 | Y8: =الجدول1[[#This Row],[CH4]]/الجدول1[[#This Row],[H2]] -> 0.025974026 | Z8: =IFERROR(DATEDIF(S8,TODAY(),"MD") & " ","0 ") -> 0
A9: أبو قرقاص 66 | B9: 1T | C9: 66 / 11 | D9: 45208 | E9: =IFERROR(DATEDIF(D9,TODAY(),"YM") & " m " & DATEDIF(D9,TODAY(),"MD") & " D "," ") -> 2 m 7 D | F9: 3242 | G9: 140739 | H9: =الجدول1[[#This Row],[O2]]/الجدول1[[#This Row],[N2]] -> 0.023035548 | I9: 220 | J9: 7393 | K9: 4 | L9: 4 | M9: 0 | N9: 2 | O9: 618 | P9: T3 | Q9: 2 | R9: R | S9: =IFERROR(IF(T9>=1,EDATE(D9,T9),"غير محدد"),"غير محدد") -> غير محدد | T9: {=IFERROR(MID(R9,MATCH(TRUE,ISNUMBER(1*MID(R9,ROW($1:$13),1)),0),COUNT(1*MID(R9,ROW($1:$13),1))),"غير محدد")} -> غير محدد | U9: يحتاج الى إعادة | V9: =الجدول1[[#This Row],[CO2]]/الجدول1[[#This Row],[CO]] -> 11.962783 | W9: =الجدول1[[#This Row],[C2H2]]/الجدول1[[#This Row],[C2H4]] -> 0 | X9: =الجدول1[[#This Row],[C2H4]]/الجدول1[[#This Row],[C2H6]] -> 1 | Y9: =الجدول1[[#This Row],[CH4]]/الجدول1[[#This Row],[H2]] -> 0.0090909091 | Z9: =IFERROR(DATEDIF(S9,TODAY(),"MD") & " ","0 ") -> 0
A10: أبو قرقاص 66 | B10: 2T | C10: 66 / 11 | D10: 45412 | E10: =IFERROR(DATEDIF(D10,TODAY(),"YM") & " m " & DATEDIF(D10,TODAY(),"MD") & " D "," ") -> 7 m 16 D | F10: 17313 | G10: 76659 | H10: =الجدول1[[#This Row],[O2]]/الجدول1[[#This Row],[N2]] -> 0.22584432 | I10: 47 | J10: 2544 | K10: 7 | L10: 4 | M10: 0 | N10: 1 | O10: 260 | P10: - | Q10: S2 | R10: R1 | S10: =IFERROR(IF(T10>=1,EDATE(D10,T10),"غير محدد"),"غير محدد") -> 45442 | T10: {=IFERROR(MID(R10,MATCH(TRUE,ISNUMBER(1*MID(R10,ROW($1:$13),1)),0),COUNT(1*MID(R10,ROW($1:$13),1))),"غير محدد")} -> 1 | U10: تم | V10: =الجدول1[[#This Row],[CO2]]/الجدول1[[#This Row],[CO]] -> 9.7846154 | W10: =الجدول1[[#This Row],[C2H2]]/الجدول1[[#This Row],[C2H4]] -> 0 | X10: =الجدول1[[#This Row],[C2H4]]/الجدول1[[#This Row],[C2H6]] -> 1.75 | Y10: =الجدول1[[#This Row],[CH4]]/الجدول1[[#This Row],[H2]] -> 0.021276596 | Z10: =IFERROR(DATEDIF(S10,TODAY(),"MD") & " ","0 ") -> 16
A11: أبو قرقاص 66 | B11: 2T | C11: 66 / 11 | D11: 45554 | E11: =IFERROR(DATEDIF(D11,TODAY(),"YM") & " m " & DATEDIF(D11,TODAY(),"MD") & " D "," ") -> 2 m 27 D | F11: 1658 | G11: 73080 | H11: =الجدول1[[#This Row],[O2]]/الجدول1[[#This Row],[N2]] -> 0.022687466 | I11: 247 | J11: 2004 | K11: 1 | L11: 5 | M11: 0 | N11: 5 | O11: 275 | P11: T1 | Q11: S3 | R11: R1 | S11: =IFERROR(IF(T11>=1,EDATE(D11,T11),"غير محدد"),"غير محدد") -> 45584 | T11: {=IFERROR(MID(R11,MATCH(TRUE,ISNUMBER(1*MID(R11,ROW($1:$13),1)),0),COUNT(1*MID(R11,ROW($1:$13),1))),"غير محدد")} -> 1 | U11: يحتاج الى إعادة | V11: =الجدول1[[#This Row],[CO2]]/الجدول1[[#This Row],[CO]] -> 7.2872727 | W11: =الجدول1[[#This Row],[C2H2]]/الجدول1[[#This Row],[C2H4]] -> 0 | X11: =الجدول1[[#This Row],[C2H4]]/الجدول1[[#This Row],[C2H6]] -> 0.2 | Y11: =الجدول1[[#This Row],[CH4]]/الجدول1[[#This Row],[H2]] -> 0.020242915 | Z11: =IFERROR(DATEDIF(S11,TODAY(),"MD") & " ","0 ") -> 27
A12: أبو قرقاص 66 | B12: 2T | C12: 66 / 11 | D12: 45616 | E12: =IFERROR(DATEDIF(D12,TODAY(),"YM") & " m " & DATEDIF(D12,TODAY(),"MD") & " D "," ") -> 0 m 26 D | F12: 9942 | G12: 42195 | H12: =الجدول1[[#This Row],[O2]]/الجدول1[[#This Row],[N2]] -> 0.23562033 | I12: 126 | J12: 2595 | K12: 3 | L12: 4 | M12: 0 | N12: 1 | O12: 170 | P12: T3 | Q12: S3 | R12: R1 | S12: =IFERROR(IF(T12>=1,EDATE(D12,T12),"غير محدد"),"غير محدد") -> 45646 | T12: {=IFERROR(MID(R12,MATCH(TRUE,ISNUMBER(1*MID(R12,ROW($1:$13),1)),0),COUNT(1*MID(R12,ROW($1:$13),1))),"غير محدد")} -> 1 | U12: يحتاج الى إعادة | V12: =الجدول1[[#This Row],[CO2]]/الجدول1[[#This Row],[CO]] -> 15.264706 | W12: =الجدول1[[#This Row],[C2H2]]/الجدول1[[#This Row],[C2H4]] -> 0 | X12: =الجدول1[[#This Row],[C2H4]]/الجدول1[[#This Row],[C2H6]] -> 0.75 | Y12: =الجدول1[[#This Row],[CH4]]/الجدول1[[#This Row],[H2]] -> 0.0079365079 | Z12: =IFERROR(DATEDIF(S12,TODAY(),"MD") & " ","0 ") -> 26
A13: أبو قرقاص 66 | B13: 3T | C13: 66 / 11 | D13: 45412 | E13: =IFERROR(DATEDIF(D13,TODAY(),"YM") & " m " & DATEDIF(D13,TODAY(),"MD") & " D "," ") -> 7 m 16 D | F13: 25698 | G13: 99833 | H13: =الجدول1[[#This Row],[O2]]/الجدول1[[#This Row],[N2]] -> 0.25740987 | I13: 45 | J13: 1884 | K13: 2 | L13: 1 | M13: 0 | N13: 2 | O13: 141 | P13: - | Q13: S2 | R13: R1 | S13: =IFERROR(IF(T13>=1,EDATE(D13,T13),"غير محدد"),"غير محدد") -> 45442 | T13: {=IFERROR(MID(R13,MATCH(TRUE,ISNUMBER(1*MID(R13,ROW($1:$13),1)),0),COUNT(1*MID(R13,ROW($1:$13),1))),"غير محدد")} -> 1 | U13: يحتاج الى إعادة | V13: =الجدول1[[#This Row],[CO2]]/الجدول1[[#This Row],[CO]] -> 13.361702 | W13: =الجدول1[[#This Row],[C2H2]]/الجدول1[[#This Row],[C2H4]] -> 0 | X13: =الجدول1[[#This Row],[C2H4]]/الجدول1[[#This Row],[C2H6]] -> 2 | Y13: =الجدول1[[#This Row],[CH4]]/الجدول1[[#This Row],[H2]] -> 0.044444444 | Z13: =IFERROR(DATEDIF(S13,TODAY(),"MD") & " ","0 ") -> 16
A14: أبو قرقاص 66 | B14: 4T | C14: 66 / 11 | D14: 45372 | E14: =IFERROR(DATEDIF(D14,TODAY(),"YM") & " m " & DATEDIF(D14,TODAY(),"MD") & " D "," ") -> 8 m 25 D | F14: 5484 | G14: 74234 | H14: =الجدول1[[#This Row],[O2]]/الجدول1[[#This Row],[N2]] -> 0.073874505 | I14: 229 | J14: 4432 | K14: 106 | L14: 3 | M14: 0 | N14: 12 | O14: 732 | P14: T3 | Q14: S3 | R14: R1 | S14: =IFERROR(IF(T14>=1,EDATE(D14,T14),"غير محدد"),"غير محدد") -> 45403 | T14: {=IFERROR(MID(R14,MATCH(TRUE,ISNUMBER(1*MID(R14,ROW($1:$13),1)),0),COUNT(1*MID(R14,ROW($1:$13),1))),"غير محدد")} -> 1 | U14: تم | V14: =الجدول1[[#This Row],[CO2]]/الجدول1[[#This Row],[CO]] -> 6.0546448 | W14: =الجدول1[[#This Row],[C2H2]]/الجدول1[[#This Row],[C2H4]] -> 0 | X14: =الجدول1[[#This Row],[C2H4]]/الجدول1[[#This Row],[C2H6]] -> 35.333333 | Y14: =الجدول1[[#This Row],[CH4]]/الجدول1[[#This Row],[H2]] -> 0.052401747 | Z14: =IFERROR(DATEDIF(S14,TODAY(),"MD") & " ","0 ") -> 25
A15: أبو قرقاص 66 | B15: 4T | C15: 66 / 11 | D15: 45412 | E15: =IFERROR(DATEDIF(D15,TODAY(),"YM") & " m " & DATEDIF(D15,TODAY(),"MD") & " D "," ") -> 7 m 16 D | F15: 1409 | G15: 90786 | H15: =الجدول1[[#This Row],[O2]]/الجدول1[[#This Row],[N2]] -> 0.015520014 | I15: 161 | J15: 3091 | K15: 118 | L15: 95 | M15: 0 | N15: 100 | O15: 751 | P15: T3 | Q15: S3 | R15: R1 | S15: =IFERROR(IF(T15>=1,EDATE(D15,T15),"غير محدد"),"غير محدد") -> 45442 | T15: {=IFERROR(MID(R15,MATCH(TRUE,ISNUMBER(1*MID(R15,ROW($1:$13),1)),0),COUNT(1*MID(R15,ROW($1:$13),1))),"غير محدد")} -> 1 | U15: تم | V15: =الجدول1[[#This Row],[CO2]]/الجدول1[[#This Row],[CO]] -> 4.1158455 | W15: =الجدول1[[#This Row],[C2H2]]/الجدول1[[#This Row],[C2H4]] -> 0 | X15: =الجدول1[[#This Row],[C2H4]]/الجدول1[[#This Row],[C2H6]] -> 1.2421053 | Y15: =الجدول1[[#This Row],[CH4]]/الجدول1[[#This Row],[H2]] -> 0.62111801 | Z15: =IFERROR(DATEDIF(S15,TODAY(),"MD") & " ","0 ") -> 16
A16: أبو قرقاص 66 | B16: 4T | C16: 66 / 11 | D16: 45480 | E16: =IFERROR(DATEDIF(D16,TODAY(),"YM") & " m " & DATEDIF(D16,TODAY(),"MD") & " D "," ") -> 5 m 9 D | F16: 1588 | G16: 78319 | H16: =الجدول1[[#This Row],[O2]]/الجدول1[[#This Row],[N2]] -> 0.020276051 | I16: 159 | J16: 3979 | K16: 116 | L16: 167 | M16: 0 | N16: 5 | O16: 158 | P16: T3 | Q16: S3 | R16: I | S16: =IFERROR(IF(T16>=1,EDATE(D16,T16),"غير محدد"),"غير محدد") -> غير محدد | T16: {=IFERROR(MID(R16,MATCH(TRUE,ISNUMBER(1*MID(R16,ROW($1:$13),1)),0),COUNT(1*MID(R16,ROW($1:$13),1))),"غير محدد")} -> غير محدد | U16: تم | V16: =الجدول1[[#This Row],[CO2]]/الجدول1[[#This Row],[CO]] -> 25.183544 | W16: =الجدول1[[#This Row],[C2H2]]/الجدول1[[#This Row],[C2H4]] -> 0 | X16: =الجدول1[[#This Row],[C2H4]]/الجدول1[[#This Row],[C2H6]] -> 0.69461078 | Y16: =الجدول1[[#This Row],[CH4]]/الجدول1[[#This Row],[H2]] -> 0.031446541 | Z16: =IFERROR(DATEDIF(S16,TODAY(),"MD") & " ","0 ") -> 0
A17: أبو قرقاص 66 | B17: 4T | C17: 66 / 11 | D17: 45572 | E17: =IFERROR(DATEDIF(D17,TODAY(),"YM") & " m " & DATEDIF(D17,TODAY(),"MD") & " D "," ") -> 2 m 9 D | F17: 11291 | G17: 111266 | H17: =الجدول1[[#This Row],[O2]]/الجدول1[[#This Row],[N2]] -> 0.10147754 | I17: 360 | J17: 4324 | K17: 1 | L17: 17 | M17: 0 | N17: 4 | O17: 623 | P17: - | Q17: S3 | R17: R1 | S17: =IFERROR(IF(T17>=1,EDATE(D17,T17),"غير محدد"),"غير محدد") -> 45603 | T17: {=IFERROR(MID(R17,MATCH(TRUE,ISNUMBER(1*MID(R17,ROW($1:$13),1)),0),COUNT(1*MID(R17,ROW($1:$13),1))),"غير محدد")} -> 1 | U17: تم | V17: =الجدول1[[#This Row],[CO2]]/الجدول1[[#This Row],[CO]] -> 6.94061 | W17: =الجدول1[[#This Row],[C2H2]]/الجدول1[[#This Row],[C2H4]] -> 0 | X17: =الجدول1[[#This Row],[C2H4]]/الجدول1[[#This Row],[C2H6]] -> 0.058823529 | Y17: =الجدول1[[#This Row],[CH4]]/الجدول1[[#This Row],[H2]] -> 0.011111111 | Z17: =IFERROR(DATEDIF(S17,TODAY(),"MD") & " ","0 ") -> 9
A18: أبو قرقاص 66 | B18: 4T | C18: 66 / 11 | D18: 45574 | E18: =IFERROR(DATEDIF(D18,TODAY(),"YM") & " m " & DATEDIF(D18,TODAY(),"MD") & " D "," ") -> 2 m 7 D | F18: 25820 | G18: 227466 | H18: =الجدول1[[#This Row],[O2]]/الجدول1[[#This Row],[N2]] -> 0.11351147 | I18: 189 | J18: 5035 | K18: 195 | L18: 353 | M18: 0 | N18: 140 | O18: 906 | P18: T3 | Q18: S3 | R18: I | S18: =IFERROR(IF(T18>=1,EDATE(D18,T18),"غير محدد"),"غير محدد") -> غير محدد | T18: {=IFERROR(MID(R18,MATCH(TRUE,ISNUMBER(1*MID(R18,ROW($1:$13),1)),0),COUNT(1*MID(R18,ROW($1:$13),1))),"غير محدد")} -> غير محدد | U18: تم | V18: =الجدول1[[#This Row],[CO2]]/الجدول1[[#This Row],[CO]] -> 5.5573951 | W18: =الجدول1[[#This Row],[C2H2]]/الجدول1[[#This Row],[C2H4]] -> 0 | X18: =الجدول1[[#This Row],[C2H4]]/الجدول1[[#This Row],[C2H6]] -> 0.55240793 | Y18: =الجدول1[[#This Row],[CH4]]/الجدول1[[#This Row],[H2]] -> 0.74074074 | Z18: =IFERROR(DATEDIF(S18,TODAY(),"MD") & " ","0 ") -> 0
A19: أبو قرقاص 66 | B19: 4T | C19: 66 / 11 | D19: 45630 | E19: =IFERROR(DATEDIF(D19,TODAY(),"YM") & " m " & DATEDIF(D19,TODAY(),"MD") & " D "," ") -> 0 m 12 D | F19: 13072 | G19: 54140 | H19: =الجدول1[[#This Row],[O2]]/الجدول1[[#This Row],[N2]] -> 0.2414481 | I19: 49 | J19: 2178 | K19: 42 | L19: 180 | M19: 0 | N19: 56 | O19: 105 | P19: T2 | Q19: S3 | R19: R1 | S19: =IFERROR(IF(T19>=1,EDATE(D19,T19),"غير محدد"),"غير محدد") -> 45661 | T19: {=IFERROR(MID(R19,MATCH(TRUE,ISNUMBER(1*MID(R19,ROW($1:$13),1)),0),COUNT(1*MID(R19,ROW($1:$13),1))),"غير محدد")} -> 1 | U19: يحتاج الى إعادة | V19: =الجدول1[[#This Row],[CO2]]/الجدول1[[#This Row],[CO]] -> 20.742857 | W19: =الجدول1[[#This Row],[C2H2]]/الجدول1[[#This Row],[C2H4]] -> 0 | X19: =الجدول1[[#This Row],[C2H4]]/الجدول1[[#This Row],[C2H6]] -> 0.23333333 | Y19: =الجدول1[[#This Row],[CH4]]/الجدول1[[#This Row],[H2]] -> 1.1428571 | Z19: =IFERROR(DATEDIF(S19,TODAY(),"MD") & " ","0 ") -> 12
A20: ألجامعة بالمنيا | B20: 1T | C20: 33 /11 | D20: 45217 | E20: =IFERROR(DATEDIF(D20,TODAY(),"YM") & " m " & DATEDIF(D20,TODAY(),"MD") & " D "," ") -> 1 m 28 D | F20: 33460 | G20: 151524 | H20: =الجدول1[[#This Row],[O2]]/الجدول1[[#This Row],[N2]] -> 0.2208231 | I20: 61 | J20: 10427 | K20: 8 | L20: 4 | M20: 9 | N20: 2 | O20: 665 | P20: D2 | Q20: S3 | R20: R | S20: =IFERROR(IF(T20>=1,EDATE(D20,T20),"غير محدد"),"غير محدد") -> غير محدد | T20: {=IFERROR(MID(R20,MATCH(TRUE,ISNUMBER(1*MID(R20,ROW($1:$13),1)),0),COUNT(1*MID(R20,ROW($1:$13),1))),"غير محدد")} -> غير محدد | U20: تم | V20: =الجدول1[[#This Row],[CO2]]/الجدول1[[#This Row],[CO]] -> 15.679699 | W20: =الجدول1[[#This Row],[C2H2]]/الجدول1[[#This Row],[C2H4]] -> 1.125 | X20: =الجدول1[[#This Row],[C2H4]]/الجدول1[[#This Row],[C2H6]] -> 2 | Y20: =الجدول1[[#This Row],[CH4]]/الجدول1[[#This Row],[H2]] -> 0.032786885 | Z20: =IFERROR(DATEDIF(S20,TODAY(),"MD") & " ","0 ") -> 0
A21: ألجامعة بالمنيا | B21: 1T | C21: 33 /11 | D21: 45372 | E21: =IFERROR(DATEDIF(D21,TODAY(),"YM") & " m " & DATEDIF(D21,TODAY(),"MD") & " D "," ") -> 8 m 25 D | F21: 20627 | G21: 60462 | H21: =الجدول1[[#This Row],[O2]]/الجدول1[[#This Row],[N2]] -> 0.34115643 | I21: 36 | J21: 3787 | K21: 1 | L21: 2 | M21: 0 | N21: 1 | O21: 145 | P21: T3 | Q21: S3 | R21: R1 | S21: =IFERROR(IF(T21>=1,EDATE(D21,T21),"غير محدد"),"غير محدد") -> 45403 | T21: {=IFERROR(MID(R21,MATCH(TRUE,ISNUMBER(1*MID(R21,ROW($1:$13),1)),0),COUNT(1*MID(R21,ROW($1:$13),1))),"غير محدد")} -> 1 | U21: يحتاج الى إعادة | V21: =الجدول1[[#This Row],[CO2]]/الجدول1[[#This Row],[CO]] -> 26.117241 | W21: =الجدول1[[#This Row],[C2H2]]/الجدول1[[#This Row],[C2H4]] -> 0 | X21: =الجدول1[[#This Row],[C2H4]]/الجدول1[[#This Row],[C2H6]] -> 0.5 | Y21: =الجدول1[[#This Row],[CH4]]/الجدول1[[#This Row],[H2]] -> 0.027777778 | Z21: =IFERROR(DATEDIF(S21,TODAY(),"MD") & " ","0 ") -> 25
... A36: بني خالد | B36: 2T | C36: 33 /11 | D36: 45372 | E36: =IFERROR(DATEDIF(D36,TODAY(),"YM") & " m " & DATEDIF(D36,TODAY(),"MD") & " D "," ") -> 8 m 25 D | F36: 20672 | G36: 80642 | H36: =الجدول1[[#This Row],[O2]]/الجدول1[[#This Row],[N2]] -> 0.25634285 | I36: 20 | J36: 4664 | K36: 1 | L36: 2 | M36: 0 | N36: 1 | O36: 216 | P36: - | Q36: S3 | R36: R6 | S36: =IFERROR(IF(T36>=1,EDATE(D36,T36),"غير محدد"),"غير محدد") -> 45556 | T36: {=IFERROR(MID(R36,MATCH(TRUE,ISNUMBER(1*MID(R36,ROW($1:$13),1)),0),COUNT(1*MID(R36,ROW($1:$13),1))),"غير محدد")} -> 6 | U36: يحتاج الى إعادة | V36: =الجدول1[[#This Row],[CO2]]/الجدول1[[#This Row],[CO]] -> 21.592593 | W36: =الجدول1[[#This Row],[C2H2]]/الجدول1[[#This Row],[C2H4]] -> 0 | X36: =الجدول1[[#This Row],[C2H4]]/الجدول1[[#This Row],[C2H6]] -> 0.5 | Y36: =الجدول1[[#This Row],[CH4]]/الجدول1[[#This Row],[H2]] -> 0.05 | Z36: =IFERROR(DATEDIF(S36,TODAY(),"MD") & " ","0 ") -> 25
A37: دير سمالوط | B37: 1T | C37: 66 / 11 | D37: 44901 | E37: =IFERROR(DATEDIF(D37,TODAY(),"YM") & " m " & DATEDIF(D37,TODAY(),"MD") & " D "," ") -> 0 m 10 D | F37: 11661 | G37: 75456 | H37: =الجدول1[[#This Row],[O2]]/الجدول1[[#This Row],[N2]] -> 0.15454039 | I37: 103 | J37: 1535 | K37: 143 | L37: 7 | M37: 0 | N37: 6 | O37: 577 | P37: T3 | Q37: 2 | R37: R | S37: =IFERROR(IF(T37>=1,EDATE(D37,T37),"غير محدد"),"غير محدد") -> غير محدد | T37: {=IFERROR(MID(R37,MATCH(TRUE,ISNUMBER(1*MID(R37,ROW($1:$13),1)),0),COUNT(1*MID(R37,ROW($1:$13),1))),"غير محدد")} -> غير محدد | U37: تم | V37: =الجدول1[[#This Row],[CO2]]/الجدول1[[#This Row],[CO]] -> 2.660312 | W37: =الجدول1[[#This Row],[C2H2]]/الجدول1[[#This Row],[C2H4]] -> 0 | X37: =الجدول1[[#This Row],[C2H4]]/الجدول1[[#This Row],[C2H6]] -> 20.428571 | Y37: =الجدول1[[#This Row],[CH4]]/الجدول1[[#This Row],[H2]] -> 0.058252427 | Z37: =IFERROR(DATEDIF(S37,TODAY(),"MD") & " ","0 ") -> 0
A38: دير سمالوط | B38: 1T | C38: 66 / 11 | D38: 44949 | E38: =IFERROR(DATEDIF(D38,TODAY(),"YM") & " m " & DATEDIF(D38,TODAY(),"MD") & " D "," ") -> 10 m 23 D | F38: 16757 | G38: 47755 | H38: =الجدول1[[#This Row],[O2]]/الجدول1[[#This Row],[N2]] -> 0.35089519 | I38: 103 | J38: 719 | K38: 4 | L38: 3 | M38: 1 | N38: 1 | O38: 235 | P38: N | Q38: 1 | R38: S | S38: =IFERROR(IF(T38>=1,EDATE(D38,T38),"غير محدد"),"غير محدد") -> غير محدد | T38: {=IFERROR(MID(R38,MATCH(TRUE,ISNUMBER(1*MID(R38,ROW($1:$13),1)),0),COUNT(1*MID(R38,ROW($1:$13),1))),"غير محدد")} -> غير محدد | U38: تم | V38: =الجدول1[[#This Row],[CO2]]/الجدول1[[#This Row],[CO]] -> 3.0595745 | W38: =الجدول1[[#This Row],[C2H2]]/الجدول1[[#This Row],[C2H4]] -> 0.25 | X38: =الجدول1[[#This Row],[C2H4]]/الجدول1[[#This Row],[C2H6]] -> 1.3333333 | Y38: =الجدول1[[#This Row],[CH4]]/الجدول1[[#This Row],[H2]] -> 0.0097087379 | Z38: =IFERROR(DATEDIF(S38,TODAY(),"MD") & " ","0 ") -> 0
A39: دير سمالوط | B39: 1T | C39: 66 / 11 | D39: 45266 | E39: =IFERROR(DATEDIF(D39,TODAY(),"YM") & " m " & DATEDIF(D39,TODAY(),"MD") & " D "," ") -> 0 m 10 D | F39: 8556 | G39: 75883 | H39: =الجدول1[[#This Row],[O2]]/الجدول1[[#This Row],[N2]] -> 0.11275253 | I39: 121 | J39: 3715 | K39: 2 | L39: 15 | M39: 0 | N39: 1 | O39: 403 | P39: T3 | Q39: S3 | R39: R | S39: =IFERROR(IF(T39>=1,EDATE(D39,T39),"غير محدد"),"غير محدد") -> غير محدد | T39: {=IFERROR(MID(R39,MATCH(TRUE,ISNUMBER(1*MID(R39,ROW($1:$13),1)),0),COUNT(1*MID(R39,ROW($1:$13),1))),"غير محدد")} -> غير محدد | U39: يحتاج الى إعادة | V39: =الجدول1[[#This Row],[CO2]]/الجدول1[[#This Row],[CO]] -> 9.2183623 | W39: =الجدول1[[#This Row],[C2H2]]/الجدول1[[#This Row],[C2H4]] -> 0 | X39: =الجدول1[[#This Row],[C2H4]]/الجدول1[[#This Row],[C2H6]] -> 0.13333333 | Y39: =الجدول1[[#This Row],[CH4]]/الجدول1[[#This Row],[H2]] -> 0.0082644628 | Z39: =IFERROR(DATEDIF(S39,TODAY(),"MD") & " ","0 ") -> 0
A40: دير سمالوط | B40: 2T | C40: 66 / 11 | D40: 45587 | E40: =IFERROR(DATEDIF(D40,TODAY(),"YM") & " m " & DATEDIF(D40,TODAY(),"MD") & " D "," ") -> 1 m 24 D | F40: 8249 | G40: 72378 | H40: =الجدول1[[#This Row],[O2]]/الجدول1[[#This Row],[N2]] -> 0.1139711 | I40: 85 | J40: 3970 | K40: 16 | L40: 38 | M40: 0 | N40: 2 | O40: 336 | P40: T3 | Q40: S3 | R40: R1 | S40: =IFERROR(IF(T40>=1,EDATE(D40,T40),"غير محدد"),"غير محدد") -> 45618 | T40: {=IFERROR(MID(R40,MATCH(TRUE,ISNUMBER(1*MID(R40,ROW($1:$13),1)),0),COUNT(1*MID(R40,ROW($1:$13),1))),"غير محدد")} -> 1 | U40: يحتاج الى إعادة | V40: =الجدول1[[#This Row],[CO2]]/الجدول1[[#This Row],[CO]] -> 11.815476 | W40: =الجدول1[[#This Row],[C2H2]]/الجدول1[[#This Row],[C2H4]] -> 0 | X40: =الجدول1[[#This Row],[C2H4]]/الجدول1[[#This Row],[C2H6]] -> 0.42105263 | Y40: =الجدول1[[#This Row],[CH4]]/الجدول1[[#This Row],[H2]] -> 0.023529412 | Z40: =IFERROR(DATEDIF(S40,TODAY(),"MD") & " ","0 ") -> 24
A41: دير سمالوط | B41: 4T | C41: 66 / 11 | D41: 45266 | E41: =IFERROR(DATEDIF(D41,TODAY(),"YM") & " m " & DATEDIF(D41,TODAY(),"MD") & " D "," ") -> 0 m 10 D | F41: 29081 | G41: 82175 | H41: =الجدول1[[#This Row],[O2]]/الجدول1[[#This Row],[N2]] -> 0.35389109 | I41: 388 | J41: 1413 | K41: 3 | L41: 9 | M41: 0 | N41: 1 | O41: 201 | P41: T3 | Q41: S3 | R41: R | S41: =IFERROR(IF(T41>=1,EDATE(D41,T41),"غير محدد"),"غير محدد") -> غير محدد | T41: {=IFERROR(MID(R41,MATCH(TRUE,ISNUMBER(1*MID(R41,ROW($1:$13),1)),0),COUNT(1*MID(R41,ROW($1:$13),1))),"غير محدد")} -> غير محدد | U41: تم | V41: =الجدول1[[#This Row],[CO2]]/الجدول1[[#This Row],[CO]] -> 7.0298507 | W41: =الجدول1[[#This Row],[C2H2]]/الجدول1[[#This Row],[C2H4]] -> 0 | X41: =الجدول1[[#This Row],[C2H4]]/الجدول1[[#This Row],[C2H6]] -> 0.33333333 | Y41: =الجدول1[[#This Row],[CH4]]/الجدول1[[#This Row],[H2]] -> 0.0025773196 | Z41: =IFERROR(DATEDIF(S41,TODAY(),"MD") & " ","0 ") -> 0
A42: دير سمالوط | B42: 4T | C42: 66 / 11 | D42: 45587 | E42: =IFERROR(DATEDIF(D42,TODAY(),"YM") & " m " & DATEDIF(D42,TODAY(),"MD") & " D "," ") -> 1 m 24 D | F42: 19884 | G42: 73512 | H42: =الجدول1[[#This Row],[O2]]/الجدول1[[#This Row],[N2]] -> 0.27048645 | I42: 530 | J42: 2279 | K42: 6 | L42: 20 | M42: 0 | N42: 2 | O42: 197 | P42: T3 | Q42: S3 | R42: R1 | S42: =IFERROR(IF(T42>=1,EDATE(D42,T42),"غير محدد"),"غير محدد") -> 45618 | T42: {=IFERROR(MID(R42,MATCH(TRUE,ISNUMBER(1*MID(R42,ROW($1:$13),1)),0),COUNT(1*MID(R42,ROW($1:$13),1))),"غير محدد")} -> 1 | U42: تم | V42: =الجدول1[[#This Row],[CO2]]/الجدول1[[#This Row],[CO]] -> 11.568528 | W42: =الجدول1[[#This Row],[C2H2]]/الجدول1[[#This Row],[C2H4]] -> 0 | X42: =الجدول1[[#This Row],[C2H4]]/الجدول1[[#This Row],[C2H6]] -> 0.3 | Y42: =الجدول1[[#This Row],[CH4]]/الجدول1[[#This Row],[H2]] -> 0.0037735849 | Z42: =IFERROR(DATEDIF(S42,TODAY(),"MD") & " ","0 ") -> 24
A43: دير سمالوط | B43: 4T | C43: 66 / 11 | D43: 45726 | E43: =IFERROR(DATEDIF(D43,TODAY(),"YM") & " m " & DATEDIF(D43,TODAY(),"MD") & " D "," ") -> 9 m 6 D | F43: 31507 | G43: 74813 | H43: =الجدول1[[#This Row],[O2]]/الجدول1[[#This Row],[N2]] -> 0.42114338 | I43: 429 | J43: 2003 | K43: 4 | L43: 15 | M43: 0 | N43: 1 | O43: 91 | P43: T3 | Q43: S3 | R43: R1 | S43: =IFERROR(IF(T43>=1,EDATE(D43,T43),"غير محدد"),"غير محدد") -> 45757 | T43: {=IFERROR(MID(R43,MATCH(TRUE,ISNUMBER(1*MID(R43,ROW($1:$13),1)),0),COUNT(1*MID(R43,ROW($1:$13),1))),"غير محدد")} -> 1 | U43: تم | V43: =الجدول1[[#This Row],[CO2]]/الجدول1[[#This Row],[CO]] -> 22.010989 | W43: =الجدول1[[#This Row],[C2H2]]/الجدول1[[#This Row],[C2H4]] -> 0 | X43: =الجدول1[[#This Row],[C2H4]]/الجدول1[[#This Row],[C2H6]] -> 0.26666667 | Y43: =الجدول1[[#This Row],[CH4]]/الجدول1[[#This Row],[H2]] -> 0.0023310023 | Z43: =IFERROR(DATEDIF(S43,TODAY(),"MD") & " ","0 ") -> 6
A44: دير سمالوط | B44: 4T | C44: 66 / 11 | D44: 45797 | E44: =IFERROR(DATEDIF(D44,TODAY(),"YM") & " m " & DATEDIF(D44,TODAY(),"MD") & " D "," ") -> 6 m 26 D | F44: 29792 | G44: 72230 | H44: =الجدول1[[#This Row],[O2]]/الجدول1[[#This Row],[N2]] -> 0.4124602 | I44: 785 | J44: 2146 | K44: 5 | L44: 15 | M44: 0 | N44: 17 | O44: 154 | P44: T2 | Q44: S3 | R44: R1 | S44: =IFERROR(IF(T44>=1,EDATE(D44,T44),"غير محدد"),"غير محدد") -> 45828 | T44: {=IFERROR(MID(R44,MATCH(TRUE,ISNUMBER(1*MID(R44,ROW($1:$13),1)),0),COUNT(1*MID(R44,ROW($1:$13),1))),"غير محدد")} -> 1 | U44: تم | V44: =الجدول1[[#This Row],[CO2]]/الجدول1[[#This Row],[CO]] -> 13.935065 | W44: =الجدول1[[#This Row],[C2H2]]/الجدول1[[#This Row],[C2H4]] -> 0 | X44: =الجدول1[[#This Row],[C2H4]]/الجدول1[[#This Row],[C2H6]] -> 0.33333333 | Y44: =الجدول1[[#This Row],[CH4]]/الجدول1[[#This Row],[H2]] -> 0.021656051 | Z44: =IFERROR(DATEDIF(S44,TODAY(),"MD") & " ","0 ") -> 26
A45: دير سمالوط | B45: 4T | C45: 66 / 11 | D45: 45890 | E45: =IFERROR(DATEDIF(D45,TODAY(),"YM") & " m " & DATEDIF(D45,TODAY(),"MD") & " D "," ") -> 3 m 25 D | F45: 4081 | G45: 115197 | H45: =الجدول1[[#This Row],[O2]]/الجدول1[[#This Row],[N2]] -> 0.03542627 | I45: 121 | J45: 7994 | K45: 8 | L45: 111 | M45: 0 | N45: 10 | O45: 441 | P45: T2 | Q45: S3 | R45: R3 | S45: =IFERROR(IF(T45>=1,EDATE(D45,T45),"غير محدد"),"غير محدد") -> 45982 | T45: {=IFERROR(MID(R45,MATCH(TRUE,ISNUMBER(1*MID(R45,ROW($1:$13),1)),0),COUNT(1*MID(R45,ROW($1:$13),1))),"غير محدد")} -> 3 | U45: يحتاج الى إعادة | V45: =الجدول1[[#This Row],[CO2]]/الجدول1[[#This Row],[CO]] -> 18.126984 | W45: =الجدول1[[#This Row],[C2H2]]/الجدول1[[#This Row],[C2H4]] -> 0 | X45: =الجدول1[[#This Row],[C2H4]]/الجدول1[[#This Row],[C2H6]] -> 0.072072072 | Y45: =الجدول1[[#This Row],[CH4]]/الجدول1[[#This Row],[H2]] -> 0.082644628 | Z45: =IFERROR(DATEDIF(S45,TODAY(),"MD") & " ","0 ") -> 25
A46: دير مواس | B46: 1T | C46: 66 / 11 | D46: 45208 | E46: =IFERROR(DATEDIF(D46,TODAY(),"YM") & " m " & DATEDIF(D46,TODAY(),"MD") & " D "," ") -> 2 m 7 D | F46: 13374 | G46: 134456 | H46: =الجدول1[[#This Row],[O2]]/الجدول1[[#This Row],[N2]] -> 0.099467484 | I46: 39 | J46: 5552 | K46: 1 | L46: 2 | M46: 0 | N46: 2 | O46: 397 | P46: T2 | Q46: S3 | R46: R | S46: =IFERROR(IF(T46>=1,EDATE(D46,T46),"غير محدد"),"غير محدد") -> غير محدد | T46: {=IFERROR(MID(R46,MATCH(TRUE,ISNUMBER(1*MID(R46,ROW($1:$13),1)),0),COUNT(1*MID(R46,ROW($1:$13),1))),"غير محدد")} -> غير محدد | U46: يحتاج الى إعادة | V46: =الجدول1[[#This Row],[CO2]]/الجدول1[[#This Row],[CO]] -> 13.984887 | W46: =الجدول1[[#This Row],[C2H2]]/الجدول1[[#This Row],[C2H4]] -> 0 | X46: =الجدول1[[#This Row],[C2H4]]/الجدول1[[#This Row],[C2H6]] -> 0.5 | Y46: =الجدول1[[#This Row],[CH4]]/الجدول1[[#This Row],[H2]] -> 0.051282051 | Z46: =IFERROR(DATEDIF(S46,TODAY(),"MD") & " ","0 ") -> 0
A47: دير مواس | B47: 2T | C47: 66 / 11 | D47: 45208 | E47: =IFERROR(DATEDIF(D47,TODAY(),"YM") & " m " & DATEDIF(D47,TODAY(),"MD") & " D "," ") -> 2 m 7 D | F47: 9238 | G47: 150492 | H47: =الجدول1[[#This Row],[O2]]/الجدول1[[#This Row],[N2]] -> 0.061385323 | I47: 25 | J47: 4093 | K47: 2 | L47: 3 | M47: 0 | N47: 2 | O47: 435 | P47: T3 | Q47: S3 | R47: R | S47: =IFERROR(IF(T47>=1,EDATE(D47,T47),"غير محدد"),"غير محدد") -> غير محدد | T47: {=IFERROR(MID(R47,MATCH(TRUE,ISNUMBER(1*MID(R47,ROW($1:$13),1)),0),COUNT(1*MID(R47,ROW($1:$13),1))),"غير محدد")} -> غير محدد | U47: يحتاج الى إعادة | V47: =الجدول1[[#This Row],[CO2]]/الجدول1[[#This Row],[CO]] -> 9.4091954 | W47: =الجدول1[[#This Row],[C2H2]]/الجدول1[[#This Row],[C2H4]] -> 0 | X47: =الجدول1[[#This Row],[C2H4]]/الجدول1[[#This Row],[C2H6]] -> 0.66666667 | Y47: =الجدول1[[#This Row],[CH4]]/الجدول1[[#This Row],[H2]] -> 0.08 | Z47: =IFERROR(DATEDIF(S47,TODAY(),"MD") & " ","0 ") -> 0
A48: دير مواس | B48: 3T | C48: 66 / 11 | D48: 45208 | E48: 11 m 3 D | F48: 53322 | G48: 149161 | H48: =الجدول1[[#This Row],[O2]]/الجدول1[[#This Row],[N2]] -> 0.3574795 | I48: 26 | J48: 4133 | K48: 2 | L48: 3 | M48: 0 | N48: 1 | O48: 263 | P48: T3 | Q48: S3 | R48: R | S48: =IFERROR(IF(T48>=1,EDATE(D48,T48),"غير محدد"),"غير محدد") -> غير محدد | T48: {=IFERROR(MID(R48,MATCH(TRUE,ISNUMBER(1*MID(R48,ROW($1:$13),1)),0),COUNT(1*MID(R48,ROW($1:$13),1))),"غير محدد")} -> غير محدد | U48: يحتاج الى إعادة | V48: =الجدول1[[#This Row],[CO2]]/الجدول1[[#This Row],[CO]] -> 15.714829 | W48: =الجدول1[[#This Row],[C2H2]]/الجدول1[[#This Row],[C2H4]] -> 0 | X48: =الجدول1[[#This Row],[C2H4]]/الجدول1[[#This Row],[C2H6]] -> 0.66666667 | Y48: =الجدول1[[#This Row],[CH4]]/الجدول1[[#This Row],[H2]] -> 0.038461538 | Z48: =IFERROR(DATEDIF(S48,TODAY(),"MD") & " ","0 ") -> 0
A49: سمالوط 500 | B49: 1T PH A | C49: 500 / 132 | D49: 45230 | E49: =IFERROR(DATEDIF(D49,TODAY(),"YM") & " m " & DATEDIF(D49,TODAY(),"MD") & " D "," ") -> 1 m 15 D | F49: 2218 | G49: 100765 | H49: =الجدول1[[#This Row],[O2]]/الجدول1[[#This Row],[N2]] -> 0.022011611 | I49: 35 | J49: 7862 | K49: 3 | L49: 6 | M49: 0 | N49: 8 | O49: 1304 | P49: T2 | Q49: S3 | R49: R | S49: =IFERROR(IF(T49>=1,EDATE(D49,T49),"غير محدد"),"غير محدد") -> غير محدد | T49: {=IFERROR(MID(R49,MATCH(TRUE,ISNUMBER(1*MID(R49,ROW($1:$13),1)),0),COUNT(1*MID(R49,ROW($1:$13),1))),"غير محدد")} -> غير محدد | U49: يحتاج الى إعادة | V49: =الجدول1[[#This Row],[CO2]]/الجدول1[[#This Row],[CO]] -> 6.0291411 | W49: =الجدول1[[#This Row],[C2H2]]/الجدول1[[#This Row],[C2H4]] -> 0 | X49: =الجدول1[[#This Row],[C2H4]]/الجدول1[[#This Row],[C2H6]] -> 0.5 | Y49: =الجدول1[[#This Row],[CH4]]/الجدول1[[#This Row],[H2]] -> 0.22857143 | Z49: =IFERROR(DATEDIF(S49,TODAY(),"MD") & " ","0 ") -> 0
A50: سمالوط 500 | B50: 1T PH B | C50: 500 / 132 | D50: 44951 | E50: =IFERROR(DATEDIF(D50,TODAY(),"YM") & " m " & DATEDIF(D50,TODAY(),"MD") & " D "," ") -> 10 m 21 D | F50: 4542 | G50: 35098 | H50: =الجدول1[[#This Row],[O2]]/الجدول1[[#This Row],[N2]] -> 0.12940908 | I50: 8 | J50: 1176 | K50: 5 | L50: 3 | M50: 0 | N50: 4 | O50: 136 | P50: N | Q50: 1 | R50: S | S50: =IFERROR(IF(T50>=1,EDATE(D50,T50),"غير محدد"),"غير محدد") -> غير محدد | T50: {=IFERROR(MID(R50,MATCH(TRUE,ISNUMBER(1*MID(R50,ROW($1:$13),1)),0),COUNT(1*MID(R50,ROW($1:$13),1))),"غير محدد")} -> غير محدد | U50: تم | V50: =الجدول1[[#This Row],[CO2]]/الجدول1[[#This Row],[CO]] -> 8.6470588 | W50: =الجدول1[[#This Row],[C2H2]]/الجدول1[[#This Row],[C2H4]] -> 0 | X50: =الجدول1[[#This Row],[C2H4]]/الجدول1[[#This Row],[C2H6]] -> 1.6666667 | Y50: =الجدول1[[#This Row],[CH4]]/الجدول1[[#This Row],[H2]] -> 0.5 | Z50: =IFERROR(DATEDIF(S50,TODAY(),"MD") & " ","0 ") -> 0
A51: سمالوط 500 | B51: 1T PH B | C51: 500 / 132 | D51: 31/10/2023 | E51: =IFERROR(DATEDIF(D51,TODAY(),"YM") & " m " & DATEDIF(D51,TODAY(),"MD") & " D "," ") -> 1 m 15 D | F51: 5331 | G51: 94542 | H51: =الجدول1[[#This Row],[O2]]/الجدول1[[#This Row],[N2]] -> 0.056387637 | I51: 28 | J51: 8155 | K51: 412 | L51: 84 | M51: 0 | N51: 264 | O51: 1338 | P51: T3 | Q51: S3 | R51: R | S51: =IFERROR(IF(T51>=1,EDATE(D51,T51),"غير محدد"),"غير محدد") -> غير محدد | T51: {=IFERROR(MID(R51,MATCH(TRUE,ISNUMBER(1*MID(R51,ROW($1:$13),1)),0),COUNT(1*MID(R51,ROW($1:$13),1))),"غير محدد")} -> غير محدد | U51: يحتاج الى إعادة | V51: =الجدول1[[#This Row],[CO2]]/الجدول1[[#This Row],[CO]] -> 6.0949178 | W51: =الجدول1[[#This Row],[C2H2]]/الجدول1[[#This Row],[C2H4]] -> 0 | X51: =الجدول1[[#This Row],[C2H4]]/الجدول1[[#This Row],[C2H6]] -> 4.9047619 | Y51: =الجدول1[[#This Row],[CH4]]/الجدول1[[#This Row],[H2]] -> 9.4285714 | Z51: =IFERROR(DATEDIF(S51,TODAY(),"MD") & " ","0 ") -> 0
A52: سمالوط 500 | B52: 1T PH C | C52: 500 / 132 | D52: 44866 | E52: =IFERROR(DATEDIF(D52,TODAY(),"YM") & " m " & DATEDIF(D52,TODAY(),"MD") & " D "," ") -> 1 m 15 D | F52: 7811 | G52: 79519 | H52: =الجدول1[[#This Row],[O2]]/الجدول1[[#This Row],[N2]] -> 0.098228096 | I52: 115 | J52: 4139 | K52: 187 | L52: 77 | M52: 4 | N52: 193 | O52: 660 | P52: T2 | Q52: 2 | R52: R&F | S52: =IFERROR(IF(T52>=1,EDATE(D52,T52),"غير محدد"),"غير محدد") -> غير محدد | T52: {=IFERROR(MID(R52,MATCH(TRUE,ISNUMBER(1*MID(R52,ROW($1:$13),1)),0),COUNT(1*MID(R52,ROW($1:$13),1))),"غير محدد")} -> غير محدد | U52: تم | V52: =الجدول1[[#This Row],[CO2]]/الجدول1[[#This Row],[CO]] -> 6.2712121 | W52: =الجدول1[[#This Row],[C2H2]]/الجدول1[[#This Row],[C2H4]] -> 0.021390374 | X52: =الجدول1[[#This Row],[C2H4]]/الجدول1[[#This Row],[C2H6]] -> 2.4285714 | Y52: =الجدول1[[#This Row],[CH4]]/الجدول1[[#This Row],[H2]] -> 1.6782609 | Z52: =IFERROR(DATEDIF(S52,TODAY(),"MD") & " ","0 ") -> 0
A53: سمالوط 500 | B53: 1T PH C | C53: 500 / 132 | D53: 45048 | E53: =IFERROR(DATEDIF(D53,TODAY(),"YM") & " m " & DATEDIF(D53,TODAY(),"MD") & " D "," ") -> 7 m 14 D | F53: 9964 | G53: 47067 | H53: =الجدول1[[#This Row],[O2]]/الجدول1[[#This Row],[N2]] -> 0.21169822 | I53: 67 | J53: 1896 | K53: 248 | L53: 85 | M53: 0 | N53: 276 | O53: 271 | P53: T2 | Q53: 2 | R53: R&F | S53: =IFERROR(IF(T53>=1,EDATE(D53,T53),"غير محدد"),"غير محدد") -> غير محدد | T53: {=IFERROR(MID(R53,MATCH(TRUE,ISNUMBER(1*MID(R53,ROW($1:$13),1)),0),COUNT(1*MID(R53,ROW($1:$13),1))),"غير محدد")} -> غير محدد | U53: تم | V53: =الجدول1[[#This Row],[CO2]]/الجدول1[[#This Row],[CO]] -> 6.99631 | W53: =الجدول1[[#This Row],[C2H2]]/الجدول1[[#This Row],[C2H4]] -> 0 | X53: =الجدول1[[#This Row],[C2H4]]/الجدول1[[#This Row],[C2H6]] -> 2.9176471 | Y53: =الجدول1[[#This Row],[CH4]]/الجدول1[[#This Row],[H2]] -> 4.119403 | Z53: =IFERROR(DATEDIF(S53,TODAY(),"MD") & " ","0 ") -> 0
A54: سمالوط 500 | B54: 1T PH C | C54: 500 / 132 | D54: 45119 | E54: =IFERROR(DATEDIF(D54,TODAY(),"YM") & " m " & DATEDIF(D54,TODAY(),"MD") & " D "," ") -> 5 m 4 D | F54: 9826 | G54: 103147 | H54: =الجدول1[[#This Row],[O2]]/الجدول1[[#This Row],[N2]] -> 0.095262102 | I54: 31 | J54: 1983 | K54: 67 | L54: 22 | M54: 0 | N54: 84 | O54: 181 | P54: T2 | R54: I&R | S54: =IFERROR(IF(T54>=1,EDATE(D54,T54),"غير محدد"),"غير محدد") -> غير محدد | T54: {=IFERROR(MID(R54,MATCH(TRUE,ISNUMBER(1*MID(R54,ROW($1:$13),1)),0),COUNT(1*MID(R54,ROW($1:$13),1))),"غير محدد")} -> غير محدد | U54: تم | V54: =الجدول1[[#This Row],[CO2]]/الجدول1[[#This Row],[CO]] -> 10.955801 | W54: =الجدول1[[#This Row],[C2H2]]/الجدول1[[#This Row],[C2H4]] -> 0 | X54: =الجدول1[[#This Row],[C2H4]]/الجدول1[[#This Row],[C2H6]] -> 3.0454545 | Y54: =الجدول1[[#This Row],[CH4]]/الجدول1[[#This Row],[H2]] -> 2.7096774 | Z54: =IFERROR(DATEDIF(S54,TODAY(),"MD") & " ","0 ") -> 0
A55: سمالوط 500 | B55: 1T PH C | C55: 500 / 132 | D55: 45230 | E55: =IFERROR(DATEDIF(D55,TODAY(),"YM") & " m " & DATEDIF(D55,TODAY(),"MD") & " D "," ") -> 1 m 15 D | F55: 6468 | G55: 89838 | H55: =الجدول1[[#This Row],[O2]]/الجدول1[[#This Row],[N2]] -> 0.07199626 | I55: 48 | J55: 5320 | K55: 154 | L55: 72 | M55: 3 | N55: 168 | O55: 969 | P55: T2 | Q55: S3 | R55: I&R | S55: =IFERROR(IF(T55>=1,EDATE(D55,T55),"غير محدد"),"غير محدد") -> غير محدد | T55: {=IFERROR(MID(R55,MATCH(TRUE,ISNUMBER(1*MID(R55,ROW($1:$13),1)),0),COUNT(1*MID(R55,ROW($1:$13),1))),"غير محدد")} -> غير محدد | U55: تم | V55: =الجدول1[[#This Row],[CO2]]/الجدول1[[#This Row],[CO]] -> 5.4901961 | W55: =الجدول1[[#This Row],[C2H2]]/الجدول1[[#This Row],[C2H4]] -> 0.019480519 | X55: =الجدول1[[#This Row],[C2H4]]/الجدول1[[#This Row],[C2H6]] -> 2.1388889 | Y55: =الجدول1[[#This Row],[CH4]]/الجدول1[[#This Row],[H2]] -> 3.5 | Z55: =IFERROR(DATEDIF(S55,TODAY(),"MD") & " ","0 ") -> 0
A56: سمالوط 500 | B56: 1T PH C | C56: 500 / 132 | D56: 45306 | E56: =IFERROR(DATEDIF(D56,TODAY(),"YM") & " m " & DATEDIF(D56,TODAY(),"MD") & " D "," ") -> 11 m 1 D | F56: 14314 | G56: 62266 | H56: =الجدول1[[#This Row],[O2]]/الجدول1[[#This Row],[N2]] -> 0.22988469 | I56: 74 | J56: 3503 | K56: 122 | L56: 59 | M56: 0 | N56: 93 | O56: 550 | P56: T3 | Q56: S3 | R56: I&R | S56: =IFERROR(IF(T56>=1,EDATE(D56,T56),"غير محدد"),"غير محدد") -> غير محدد | T56: {=IFERROR(MID(R56,MATCH(TRUE,ISNUMBER(1*MID(R56,ROW($1:$13),1)),0),COUNT(1*MID(R56,ROW($1:$13),1))),"غير محدد")} -> غير محدد | U56: تم | V56: =الجدول1[[#This Row],[CO2]]/الجدول1[[#This Row],[CO]] -> 6.3690909 | W56: =الجدول1[[#This Row],[C2H2]]/الجدول1[[#This Row],[C2H4]] -> 0 | X56: =الجدول1[[#This Row],[C2H4]]/الجدول1[[#This Row],[C2H6]] -> 2.0677966 | Y56: =الجدول1[[#This Row],[CH4]]/الجدول1[[#This Row],[H2]] -> 1.2567568 | Z56: =IFERROR(DATEDIF(S56,TODAY(),"MD") & " ","0 ") -> 0
A57: سمالوط 500 | B57: 1T PH C | C57: 500 / 132 | D57: 45306 | E57: =IFERROR(DATEDIF(D57,TODAY(),"YM") & " m " & DATEDIF(D57,TODAY(),"MD") & " D "," ") -> 11 m 1 D | F57: 14314 | G57: 62266 | H57: =الجدول1[[#This Row],[O2]]/الجدول1[[#This Row],[N2]] -> 0.22988469 | I57: 74 | J57: 3503 | K57: 122 | L57: 59 | M57: 0 | N57: 93 | O57: 550 | P57: T3 | Q57: S3 | R57: I&R | S57: =IFERROR(IF(T57>=1,EDATE(D57,T57),"غير محدد"),"غير محدد") -> غير محدد | T57: {=IFERROR(MID(R57,MATCH(TRUE,ISNUMBER(1*MID(R57,ROW($1:$13),1)),0),COUNT(1*MID(R57,ROW($1:$13),1))),"غير محدد")} -> غير محدد | U57: يحتاج الى إعادة | V57: =الجدول1[[#This Row],[CO2]]/الجدول1[[#This Row],[CO]] -> 6.3690909 | W57: =الجدول1[[#This Row],[C2H2]]/الجدول1[[#This Row],[C2H4]] -> 0 | X57: =الجدول1[[#This Row],[C2H4]]/الجدول1[[#This Row],[C2H6]] -> 2.0677966 | Y57: =الجدول1[[#This Row],[CH4]]/الجدول1[[#This Row],[H2]] -> 1.2567568 | Z57: =IFERROR(DATEDIF(S57,TODAY(),"MD") & " ","0 ") -> 0
A58: سمالوط 500 | B58: 2T | C58: 500 / 220 | D58: 44866 | E58: =IFERROR(DATEDIF(D58,TODAY(),"YM") & " m " & DATEDIF(D58,TODAY(),"MD") & " D "," ") -> 1 m 15 D | F58: 8768 | G58: 67730 | H58: =الجدول1[[#This Row],[O2]]/الجدول1[[#This Row],[N2]] -> 0.12945519 | I58: 11 | J58: 1105 | K58: 2 | L58: 6 | M58: 0 | N58: 3 | O58: 1070 | P58: T2 | Q58: 2 | R58: R&F | S58: =IFERROR(IF(T58>=1,EDATE(D58,T58),"غير محدد"),"غير محدد") -> غير محدد | T58: {=IFERROR(MID(R58,MATCH(TRUE,ISNUMBER(1*MID(R58,ROW($1:$13),1)),0),COUNT(1*MID(R58,ROW($1:$13),1))),"غير محدد")} -> غير محدد | U58: يحتاج الى إعادة | V58: =الجدول1[[#This Row],[CO2]]/الجدول1[[#This Row],[CO]] -> 1.0327103 | W58: =الجدول1[[#This Row],[C2H2]]/الجدول1[[#This Row],[C2H4]] -> 0 | X58: =الجدول1[[#This Row],[C2H4]]/الجدول1[[#This Row],[C2H6]] -> 0.33333333 | Y58: =الجدول1[[#This Row],[CH4]]/الجدول1[[#This Row],[H2]] -> 0.27272727 | Z58: =IFERROR(DATEDIF(S58,TODAY(),"MD") & " ","0 ") -> 0
A59: سمالوط 500 | B59: 5T | C59: 500 / 220 | D59: 44866 | E59: =IFERROR(DATEDIF(D59,TODAY(),"YM") & " m " & DATEDIF(D59,TODAY(),"MD") & " D "," ") -> 1 m 15 D | F59: 7379 | G59: 64067 | H59: =الجدول1[[#This Row],[O2]]/الجدول1[[#This Row],[N2]] -> 0.1151763 | I59: 13 | J59: 2553 | K59: 10 | L59: 2 | M59: 0 | N59: 9 | O59: 689 | P59: T3 | Q59: 2 | R59: R&F | S59: =IFERROR(IF(T59>=1,EDATE(D59,T59),"غير محدد"),"غير محدد") -> غير محدد | T59: {=IFERROR(MID(R59,MATCH(TRUE,ISNUMBER(1*MID(R59,ROW($1:$13),1)),0),COUNT(1*MID(R59,ROW($1:$13),1))),"غير محدد")} -> غير محدد | U59: تم | V59: =الجدول1[[#This Row],[CO2]]/الجدول1[[#This Row],[CO]] -> 3.7053701 | W59: =الجدول1[[#This Row],[C2H2]]/الجدول1[[#This Row],[C2H4]] -> 0 | X59: =الجدول1[[#This Row],[C2H4]]/الجدول1[[#This Row],[C2H6]] -> 5 | Y59: =الجدول1[[#This Row],[CH4]]/الجدول1[[#This Row],[H2]] -> 0.69230769 | Z59: =IFERROR(DATEDIF(S59,TODAY(),"MD") & " ","0 ") -> 0
A60: سمالوط 500 | B60: 5T | C60: 500 / 220 | D60: 45048 | E60: =IFERROR(DATEDIF(D60,TODAY(),"YM") & " m " & DATEDIF(D60,TODAY(),"MD") & " D "," ") -> 7 m 14 D | F60: 2388 | G60: 41819 | H60: =الجدول1[[#This Row],[O2]]/الجدول1[[#This Row],[N2]] -> 0.057103231 | I60: 25 | J60: 1973 | K60: 7 | L60: 3 | M60: 0 | N60: 1 | O60: 710 | P60: T3 | Q60: 2 | R60: R&F | S60: =IFERROR(IF(T60>=1,EDATE(D60,T60),"غير محدد"),"غير محدد") -> غير محدد | T60: {=IFERROR(MID(R60,MATCH(TRUE,ISNUMBER(1*MID(R60,ROW($1:$13),1)),0),COUNT(1*MID(R60,ROW($1:$13),1))),"غير محدد")} -> غير محدد | U60: يحتاج الى إعادة | V60: =الجدول1[[#This Row],[CO2]]/الجدول1[[#This Row],[CO]] -> 2.7788732 | W60: =الجدول1[[#This Row],[C2H2]]/الجدول1[[#This Row],[C2H4]] -> 0 | X60: =الجدول1[[#This Row],[C2H4]]/الجدول1[[#This Row],[C2H6]] -> 2.3333333 | Y60: =الجدول1[[#This Row],[CH4]]/الجدول1[[#This Row],[H2]] -> 0.04 | Z60: =IFERROR(DATEDIF(S60,TODAY(),"MD") & " ","0 ") -> 0
A61: سمالوط 500 | B61: R 1 B | C61: 500 | D61: 44951 | E61: =IFERROR(DATEDIF(D61,TODAY(),"YM") & " m " & DATEDIF(D61,TODAY(),"MD") & " D "," ") -> 10 m 21 D | F61: 2040 | G61: 19025 | H61: =الجدول1[[#This Row],[O2]]/الجدول1[[#This Row],[N2]] -> 0.10722733 | I61: 43 | J61: 1840 | K61: 1 | L61: 2 | M61: 0 | N61: 2 | O61: 202 | P61: N | Q61: 1 | R61: S | S61: =IFERROR(IF(T61>=1,EDATE(D61,T61),"غير محدد"),"غير محدد") -> غير محدد | T61: {=IFERROR(MID(R61,MATCH(TRUE,ISNUMBER(1*MID(R61,ROW($1:$13),1)),0),COUNT(1*MID(R61,ROW($1:$13),1))),"غير محدد")} -> غير محدد | U61: تم | V61: =الجدول1[[#This Row],[CO2]]/الجدول1[[#This Row],[CO]] -> 9.1089109 | W61: =الجدول1[[#This Row],[C2H2]]/الجدول1[[#This Row],[C2H4]] -> 0 | X61: =الجدول1[[#This Row],[C2H4]]/الجدول1[[#This Row],[C2H6]] -> 0.5 | Y61: =الجدول1[[#This Row],[CH4]]/الجدول1[[#This Row],[H2]] -> 0.046511628 | Z61: =IFERROR(DATEDIF(S61,TODAY(),"MD") & " ","0 ") -> 0
A62: سمالوط 500 | B62: R 1 B | C62: 500 | D62: 45230 | E62: =IFERROR(DATEDIF(D62,TODAY(),"YM") & " m " & DATEDIF(D62,TODAY(),"MD") & " D "," ") -> 1 m 15 D | F62: 8427 | G62: 107534 | H62: =الجدول1[[#This Row],[O2]]/الجدول1[[#This Row],[N2]] -> 0.078365912 | I62: 390 | J62: 11726 | K62: 2 | L62: 6 | M62: 0 | N62: 14 | O62: 656 | P62: T1 | Q62: S3 | R62: R | S62: =IFERROR(IF(T62>=1,EDATE(D62,T62),"غير محدد"),"غير محدد") -> غير محدد | T62: {=IFERROR(MID(R62,MATCH(TRUE,ISNUMBER(1*MID(R62,ROW($1:$13),1)),0),COUNT(1*MID(R62,ROW($1:$13),1))),"غير محدد")} -> غير محدد | U62: يحتاج الى إعادة | V62: =الجدول1[[#This Row],[CO2]]/الجدول1[[#This Row],[CO]] -> 17.875 | W62: =الجدول1[[#This Row],[C2H2]]/الجدول1[[#This Row],[C2H4]] -> 0 | X62: =الجدول1[[#This Row],[C2H4]]/الجدول1[[#This Row],[C2H6]] -> 0.33333333 | Y62: =الجدول1[[#This Row],[CH4]]/الجدول1[[#This Row],[H2]] -> 0.035897436 | Z62: =IFERROR(DATEDIF(S62,TODAY(),"MD") & " ","0 ") -> 0
A63: سمالوط 500 | B63: R 1 C | C63: 500 | D63: 44951 | E63: =IFERROR(DATEDIF(D63,TODAY(),"YM") & " m " & DATEDIF(D63,TODAY(),"MD") & " D "," ") -> 10 m 21 D | F63: 16948 | G63: 62184 | H63: =الجدول1[[#This Row],[O2]]/الجدول1[[#This Row],[N2]] -> 0.27254599 | I63: 20 | J63: 714 | K63: 1 | L63: 8 | M63: 0 | N63: 3 | O63: 161 | P63: N | Q63: 1 | R63: S | S63: =IFERROR(IF(T63>=1,EDATE(D63,T63),"غير محدد"),"غير محدد") -> غير محدد | T63: {=IFERROR(MID(R63,MATCH(TRUE,ISNUMBER(1*MID(R63,ROW($1:$13),1)),0),COUNT(1*MID(R63,ROW($1:$13),1))),"غير محدد")} -> غير محدد | U63: تم | V63: =الجدول1[[#This Row],[CO2]]/الجدول1[[#This Row],[CO]] -> 4.4347826 | W63: =الجدول1[[#This Row],[C2H2]]/الجدول1[[#This Row],[C2H4]] -> 0 | X63: =الجدول1[[#This Row],[C2H4]]/الجدول1[[#This Row],[C2H6]] -> 0.125 | Y63: =الجدول1[[#This Row],[CH4]]/الجدول1[[#This Row],[H2]] -> 0.15 | Z63: =IFERROR(DATEDIF(S63,TODAY(),"MD") & " ","0 ") -> 0
A64: سمالوط 500 | B64: R 1 C | C64: 500 | D64: 45230 | E64: =IFERROR(DATEDIF(D64,TODAY(),"YM") & " m " & DATEDIF(D64,TODAY(),"MD") & " D "," ") -> 1 m 15 D | F64: 5533 | G64: 121130 | H64: =الجدول1[[#This Row],[O2]]/الجدول1[[#This Row],[N2]] -> 0.045678197 | I64: 261 | J64: 13423 | K64: 5 | L64: 17 | M64: 0 | N64: 12 | O64: 825 | P64: T2 | Q64: S3 | R64: R | S64: =IFERROR(IF(T64>=1,EDATE(D64,T64),"غير محدد"),"غير محدد") -> غير محدد | T64: {=IFERROR(MID(R64,MATCH(TRUE,ISNUMBER(1*MID(R64,ROW($1:$13),1)),0),COUNT(1*MID(R64,ROW($1:$13),1))),"غير محدد")} -> غير محدد | U64: يحتاج الى إعادة | V64: =الجدول1[[#This Row],[CO2]]/الجدول1[[#This Row],[CO]] -> 16.270303 | W64: =الجدول1[[#This Row],[C2H2]]/الجدول1[[#This Row],[C2H4]] -> 0 | X64: =الجدول1[[#This Row],[C2H4]]/الجدول1[[#This Row],[C2H6]] -> 0.29411765 | Y64: =الجدول1[[#This Row],[CH4]]/الجدول1[[#This Row],[H2]] -> 0.045977011 | Z64: =IFERROR(DATEDIF(S64,TODAY(),"MD") & " ","0 ") -> 0
A65: سمالوط 500 | B65: R 2 A | C65: 500 | D65: 45230 | E65: =IFERROR(DATEDIF(D65,TODAY(),"YM") & " m " & DATEDIF(D65,TODAY(),"MD") & " D "," ") -> 1 m 15 D | F65: 2943 | G65: 130204 | H65: =الجدول1[[#This Row],[O2]]/الجدول1[[#This Row],[N2]] -> 0.022602992 | I65: 139 | J65: 14793 | K65: 11 | L65: 12 | M65: 0 | N65: 10 | O65: 954 | P65: T2 | Q65: S3 | R65: R | S65: =IFERROR(IF(T65>=1,EDATE(D65,T65),"غير محدد"),"غير محدد") -> غير محدد | T65: {=IFERROR(MID(R65,MATCH(TRUE,ISNUMBER(1*MID(R65,ROW($1:$13),1)),0),COUNT(1*MID(R65,ROW($1:$13),1))),"غير محدد")} -> غير محدد | U65: يحتاج الى إعادة | V65: =الجدول1[[#This Row],[CO2]]/الجدول1[[#This Row],[CO]] -> 15.506289 | W65: =الجدول1[[#This Row],[C2H2]]/الجدول1[[#This Row],[C2H4]] -> 0 | X65: =الجدول1[[#This Row],[C2H4]]/الجدول1[[#This Row],[C2H6]] -> 0.91666667 | Y65: =الجدول1[[#This Row],[CH4]]/الجدول1[[#This Row],[H2]] -> 0.071942446 | Z65: =IFERROR(DATEDIF(S65,TODAY(),"MD") & " ","0 ") -> 0
A66: سمالوط 500 | B66: R 2 B | C66: 500 | D66: 44866 | E66: =IFERROR(DATEDIF(D66,TODAY(),"YM") & " m " & DATEDIF(D66,TODAY(),"MD") & " D "," ") -> 1 m 15 D | F66: 15715 | G66: 56390 | H66: =الجدول1[[#This Row],[O2]]/الجدول1[[#This Row],[N2]] -> 0.27868416 | I66: 49 | J66: 9738 | K66: 4 | L66: 6 | M66: 0 | N66: 6 | O66: 705 | P66: T2 | Q66: 2 | R66: R | S66: =IFERROR(IF(T66>=1,EDATE(D66,T66),"غير محدد"),"غير محدد") -> غير محدد | T66: {=IFERROR(MID(R66,MATCH(TRUE,ISNUMBER(1*MID(R66,ROW($1:$13),1)),0),COUNT(1*MID(R66,ROW($1:$13),1))),"غير محدد")} -> غير محدد | U66: تم | V66: =الجدول1[[#This Row],[CO2]]/الجدول1[[#This Row],[CO]] -> 13.812766 | W66: =الجدول1[[#This Row],[C2H2]]/الجدول1[[#This Row],[C2H4]] -> 0 | X66: =الجدول1[[#This Row],[C2H4]]/الجدول1[[#This Row],[C2H6]] -> 0.66666667 | Y66: =الجدول1[[#This Row],[CH4]]/الجدول1[[#This Row],[H2]] -> 0.12244898 | Z66: =IFERROR(DATEDIF(S66,TODAY(),"MD") & " ","0 ") -> 0
A67: سمالوط 500 | B67: R 2 B | C67: 500 | D67: 44951 | E67: =IFERROR(DATEDIF(D67,TODAY(),"YM") & " m " & DATEDIF(D67,TODAY(),"MD") & " D "," ") -> 10 m 21 D | F67: 2234 | G67: 31407 | H67: =الجدول1[[#This Row],[O2]]/الجدول1[[#This Row],[N2]] -> 0.07113064 | I67: 33 | J67: 3001 | K67: 7 | L67: 6 | M67: 0 | N67: 1 | O67: 288 | P67: N | Q67: 1 | R67: S | S67: =IFERROR(IF(T67>=1,EDATE(D67,T67),"غير محدد"),"غير محدد") -> غير محدد | T67: {=IFERROR(MID(R67,MATCH(TRUE,ISNUMBER(1*MID(R67,ROW($1:$13),1)),0),COUNT(1*MID(R67,ROW($1:$13),1))),"غير محدد")} -> غير محدد | U67: تم | V67: =الجدول1[[#This Row],[CO2]]/الجدول1[[#This Row],[CO]] -> 10.420139 | W67: =الجدول1[[#This Row],[C2H2]]/الجدول1[[#This Row],[C2H4]] -> 0 | X67: =الجدول1[[#This Row],[C2H4]]/الجدول1[[#This Row],[C2H6]] -> 1.1666667 | Y67: =الجدول1[[#This Row],[CH4]]/الجدول1[[#This Row],[H2]] -> 0.03030303 | Z67: =IFERROR(DATEDIF(S67,TODAY(),"MD") & " ","0 ") -> 0
A68: سمالوط 500 | B68: R 2 B | C68: 500 | D68: 45230 | E68: =IFERROR(DATEDIF(D68,TODAY(),"YM") & " m " & DATEDIF(D68,TODAY(),"MD") & " D "," ") -> 1 m 15 D | F68: 9662 | G68: 122880 | H68: =الجدول1[[#This Row],[O2]]/الجدول1[[#This Row],[N2]] -> 0.078629557 | I68: 195 | J68: 13063 | K68: 2 | L68: 4 | M68: 0 | N68: 3 | O68: 670 | P68: T2 | Q68: S3 | R68: R | S68: =IFERROR(IF(T68>=1,EDATE(D68,T68),"غير محدد"),"غير محدد") -> غير محدد | T68: {=IFERROR(MID(R68,MATCH(TRUE,ISNUMBER(1*MID(R68,ROW($1:$13),1)),0),COUNT(1*MID(R68,ROW($1:$13),1))),"غير محدد")} -> غير محدد | U68: يحتاج الى إعادة | V68: =الجدول1[[#This Row],[CO2]]/الجدول1[[#This Row],[CO]] -> 19.497015 | W68: =الجدول1[[#This Row],[C2H2]]/الجدول1[[#This Row],[C2H4]] -> 0 | X68: =الجدول1[[#This Row],[C2H4]]/الجدول1[[#This Row],[C2H6]] -> 0.5 | Y68: =الجدول1[[#This Row],[CH4]]/الجدول1[[#This Row],[H2]] -> 0.015384615 | Z68: =IFERROR(DATEDIF(S68,TODAY(),"MD") & " ","0 ") -> 0
A69: سمالوط 500 | B69: R 2 C | C69: 500 | D69: 44866 | E69: =IFERROR(DATEDIF(D69,TODAY(),"YM") & " m " & DATEDIF(D69,TODAY(),"MD") & " D "," ") -> 1 m 15 D | F69: 11230 | G69: 54241 | H69: =الجدول1[[#This Row],[O2]]/الجدول1[[#This Row],[N2]] -> 0.20703896 | I69: 93 | J69: 11070 | K69: 2 | L69: 7 | M69: 0 | N69: 7 | O69: 783 | P69: T2 | Q69: 2 | R69: R | S69: =IFERROR(IF(T69>=1,EDATE(D69,T69),"غير محدد"),"غير محدد") -> غير محدد | T69: {=IFERROR(MID(R69,MATCH(TRUE,ISNUMBER(1*MID(R69,ROW($1:$13),1)),0),COUNT(1*MID(R69,ROW($1:$13),1))),"غير محدد")} -> غير محدد | U69: تم | V69: =الجدول1[[#This Row],[CO2]]/الجدول1[[#This Row],[CO]] -> 14.137931 | W69: =الجدول1[[#This Row],[C2H2]]/الجدول1[[#This Row],[C2H4]] -> 0 | X69: =الجدول1[[#This Row],[C2H4]]/الجدول1[[#This Row],[C2H6]] -> 0.28571429 | Y69: =الجدول1[[#This Row],[CH4]]/الجدول1[[#This Row],[H2]] -> 0.075268817 | Z69: =IFERROR(DATEDIF(S69,TODAY(),"MD") & " ","0 ") -> 0
A70: سمالوط 500 | B70: R 2 C | C70: 500 | D70: 44951 | E70: =IFERROR(DATEDIF(D70,TODAY(),"YM") & " m " & DATEDIF(D70,TODAY(),"MD") & " D "," ") -> 10 m 21 D | F70: 5477 | G70: 21158 | H70: =الجدول1[[#This Row],[O2]]/الجدول1[[#This Row],[N2]] -> 0.2588619 | I70: 20 | J70: 1868 | K70: 2 | L70: 4 | M70: 0 | N70: 2 | O70: 84 | P70: N | Q70: 1 | R70: S | S70: =IFERROR(IF(T70>=1,EDATE(D70,T70),"غير محدد"),"غير محدد") -> غير محدد | T70: {=IFERROR(MID(R70,MATCH(TRUE,ISNUMBER(1*MID(R70,ROW($1:$13),1)),0),COUNT(1*MID(R70,ROW($1:$13),1))),"غير محدد")} -> غير محدد | U70: تم | V70: =الجدول1[[#This Row],[CO2]]/الجدول1[[#This Row],[CO]] -> 22.238095 | W70: =الجدول1[[#This Row],[C2H2]]/الجدول1[[#This Row],[C2H4]] -> 0 | X70: =الجدول1[[#This Row],[C2H4]]/الجدول1[[#This Row],[C2H6]] -> 0.5 | Y70: =الجدول1[[#This Row],[CH4]]/الجدول1[[#This Row],[H2]] -> 0.1 | Z70: =IFERROR(DATEDIF(S70,TODAY(),"MD") & " ","0 ") -> 0
A71: سمالوط 500 | B71: R 3 A | C71: 500 | D71: 45306 | E71: =IFERROR(DATEDIF(D71,TODAY(),"YM") & " m " & DATEDIF(D71,TODAY(),"MD") & " D "," ") -> 11 m 1 D | F71: 6033 | G71: 71076 | H71: =الجدول1[[#This Row],[O2]]/الجدول1[[#This Row],[N2]] -> 0.084880972 | I71: 82 | J71: 6498 | K71: 3 | L71: 6 | M71: 0 | N71: 8 | O71: 778 | P71: T2 | Q71: S3 | R71: R | S71: =IFERROR(IF(T71>=1,EDATE(D71,T71),"غير محدد"),"غير محدد") -> غير محدد | T71: {=IFERROR(MID(R71,MATCH(TRUE,ISNUMBER(1*MID(R71,ROW($1:$13),1)),0),COUNT(1*MID(R71,ROW($1:$13),1))),"غير محدد")} -> غير محدد | U71: يحتاج الى إعادة | V71: =الجدول1[[#This Row],[CO2]]/الجدول1[[#This Row],[CO]] -> 8.3521851 | W71: =الجدول1[[#This Row],[C2H2]]/الجدول1[[#This Row],[C2H4]] -> 0 | X71: =الجدول1[[#This Row],[C2H4]]/الجدول1[[#This Row],[C2H6]] -> 0.5 | Y71: =الجدول1[[#This Row],[CH4]]/الجدول1[[#This Row],[H2]] -> 0.097560976 | Z71: =IFERROR(DATEDIF(S71,TODAY(),"MD") & " ","0 ") -> 0
A72: سمالوط 500 | B72: R 3 B | C72: 500 | D72: 45230 | E72: =IFERROR(DATEDIF(D72,TODAY(),"YM") & " m " & DATEDIF(D72,TODAY(),"MD") & " D "," ") -> 1 m 15 D | F72: 7329 | G72: 124343 | H72: =الجدول1[[#This Row],[O2]]/الجدول1[[#This Row],[N2]] -> 0.058941798 | I72: 92 | J72: 14251 | K72: 7 | L72: 9 | M72: 0 | N72: 7 | O72: 1106 | P72: N | Q72: 1 | R72: S | S72: =IFERROR(IF(T72>=1,EDATE(D72,T72),"غير محدد"),"غير محدد") -> غير محدد | T72: {=IFERROR(MID(R72,MATCH(TRUE,ISNUMBER(1*MID(R72,ROW($1:$13),1)),0),COUNT(1*MID(R72,ROW($1:$13),1))),"غير محدد")} -> غير محدد | U72: تم | V72: =الجدول1[[#This Row],[CO2]]/الجدول1[[#This Row],[CO]] -> 12.885172 | W72: =الجدول1[[#This Row],[C2H2]]/الجدول1[[#This Row],[C2H4]] -> 0 | X72: =الجدول1[[#This Row],[C2H4]]/الجدول1[[#This Row],[C2H6]] -> 0.77777778 | Y72: =الجدول1[[#This Row],[CH4]]/الجدول1[[#This Row],[H2]] -> 0.076086957 | Z72: =IFERROR(DATEDIF(S72,TODAY(),"MD") & " ","0 ") -> 0
A73: سمالوط 500 | B73: R 3 B | C73: 500 | D73: 45306 | E73: =IFERROR(DATEDIF(D73,TODAY(),"YM") & " m " & DATEDIF(D73,TODAY(),"MD") & " D "," ") -> 11 m 1 D | F73: 11006 | G73: 74207 | H73: =الجدول1[[#This Row],[O2]]/الجدول1[[#This Row],[N2]] -> 0.14831485 | I73: 118 | J73: 7470 | K73: 3 | L73: 4 | M73: 0 | N73: 4 | O73: 746 | P73: T2 | Q73: S3 | R73: I&R | S73: =IFERROR(IF(T73>=1,EDATE(D73,T73),"غير محدد"),"غير محدد") -> غير محدد | T73: {=IFERROR(MID(R73,MATCH(TRUE,ISNUMBER(1*MID(R73,ROW($1:$13),1)),0),COUNT(1*MID(R73,ROW($1:$13),1))),"غير محدد")} -> غير محدد | U73: يحتاج الى إعادة | V73: =الجدول1[[#This Row],[CO2]]/الجدول1[[#This Row],[CO]] -> 10.013405 | W73: =الجدول1[[#This Row],[C2H2]]/الجدول1[[#This Row],[C2H4]] -> 0 | X73: =الجدول1[[#This Row],[C2H4]]/الجدول1[[#This Row],[C2H6]] -> 0.75 | Y73: =الجدول1[[#This Row],[CH4]]/الجدول1[[#This Row],[H2]] -> 0.033898305 | Z73: =IFERROR(DATEDIF(S73,TODAY(),"MD") & " ","0 ") -> 0
A74: سمالوط 500 | B74: R 3 C | C74: 500 | D74: 45306 | E74: =IFERROR(DATEDIF(D74,TODAY(),"YM") & " m " & DATEDIF(D74,TODAY(),"MD") & " D "," ") -> 11 m 1 D | F74: 22116 | G74: 78018 | H74: =الجدول1[[#This Row],[O2]]/الجدول1[[#This Row],[N2]] -> 0.28347304 | I74: 122 | J74: 6354 | K74: 3 | L74: 4 | M74: 0 | N74: 2 | O74: 490 | P74: T3 | Q74: S3 | R74: I&R | S74: =IFERROR(IF(T74>=1,EDATE(D74,T74),"غير محدد"),"غير محدد") -> غير محدد | T74: {=IFERROR(MID(R74,MATCH(TRUE,ISNUMBER(1*MID(R74,ROW($1:$13),1)),0),COUNT(1*MID(R74,ROW($1:$13),1))),"غير محدد")} -> غير محدد | U74: يحتاج الى إعادة | V74: =الجدول1[[#This Row],[CO2]]/الجدول1[[#This Row],[CO]] -> 12.967347 | W74: =الجدول1[[#This Row],[C2H2]]/الجدول1[[#This Row],[C2H4]] -> 0 | X74: =الجدول1[[#This Row],[C2H4]]/الجدول1[[#This Row],[C2H6]] -> 0.75 | Y74: =الجدول1[[#This Row],[CH4]]/الجدول1[[#This Row],[H2]] -> 0.016393443 | Z74: =IFERROR(DATEDIF(S74,TODAY(),"MD") & " ","0 ") -> 0
A75: سمالوط 500 | B75: T10 | C75: 66 / 11 | D75: 44866 | E75: =IFERROR(DATEDIF(D75,TODAY(),"YM") & " m " & DATEDIF(D75,TODAY(),"MD") & " D "," ") -> 1 m 15 D | F75: 2274 | G75: 80962 | H75: =الجدول1[[#This Row],[O2]]/الجدول1[[#This Row],[N2]] -> 0.028087251 | I75: 266 | J75: 3584 | K75: 6 | L75: 64 | M75: 0 | N75: 19 | O75: 533 | P75: T2 | Q75: 2 | R75: R&F | S75: =IFERROR(IF(T75>=1,EDATE(D75,T75),"غير محدد"),"غير محدد") -> غير محدد | T75: {=IFERROR(MID(R75,MATCH(TRUE,ISNUMBER(1*MID(R75,ROW($1:$13),1)),0),COUNT(1*MID(R75,ROW($1:$13),1))),"غير محدد")} -> غير محدد | U75: تم | V75: =الجدول1[[#This Row],[CO2]]/الجدول1[[#This Row],[CO]] -> 6.7242026 | W75: =الجدول1[[#This Row],[C2H2]]/الجدول1[[#This Row],[C2H4]] -> 0 | X75: =الجدول1[[#This Row],[C2H4]]/الجدول1[[#This Row],[C2H6]] -> 0.09375 | Y75: =الجدول1[[#This Row],[CH4]]/الجدول1[[#This Row],[H2]] -> 0.071428571 | Z75: =IFERROR(DATEDIF(S75,TODAY(),"MD") & " ","0 ") -> 0
A76: سمالوط 500 | B76: T10 | C76: 66 / 11 | D76: 44951 | E76: =IFERROR(DATEDIF(D76,TODAY(),"YM") & " m " & DATEDIF(D76,TODAY(),"MD") & " D "," ") -> 10 m 21 D | F76: 3879 | G76: 47549 | H76: =الجدول1[[#This Row],[O2]]/الجدول1[[#This Row],[N2]] -> 0.081579003 | I76: 164 | J76: 2164 | K76: 1 | L76: 15 | M76: 0 | N76: 1 | O76: 276 | P76: N | Q76: 1 | R76: S | S76: =IFERROR(IF(T76>=1,EDATE(D76,T76),"غير محدد"),"غير محدد") -> غير محدد | T76: {=IFERROR(MID(R76,MATCH(TRUE,ISNUMBER(1*MID(R76,ROW($1:$13),1)),0),COUNT(1*MID(R76,ROW($1:$13),1))),"غير محدد")} -> غير محدد | U76: تم | V76: =الجدول1[[#This Row],[CO2]]/الجدول1[[#This Row],[CO]] -> 7.8405797 | W76: =الجدول1[[#This Row],[C2H2]]/الجدول1[[#This Row],[C2H4]] -> 0 | X76: =الجدول1[[#This Row],[C2H4]]/الجدول1[[#This Row],[C2H6]] -> 0.066666667 | Y76: =الجدول1[[#This Row],[CH4]]/الجدول1[[#This Row],[H2]] -> 0.006097561 | Z76: =IFERROR(DATEDIF(S76,TODAY(),"MD") & " ","0 ") -> 0
A77: سمالوط 500 | B77: T10 | C77: 66 / 11 | D77: 45230 | E77: =IFERROR(DATEDIF(D77,TODAY(),"YM") & " m " & DATEDIF(D77,TODAY(),"MD") & " D "," ") -> 1 m 15 D | F77: 8329 | G77: 134731 | H77: =الجدول1[[#This Row],[O2]]/الجدول1[[#This Row],[N2]] -> 0.061819477 | I77: 290 | J77: 7335 | K77: 8 | L77: 45 | M77: 0 | N77: 13 | O77: 680 | P77: T2 | Q77: S3 | R77: R | S77: =IFERROR(IF(T77>=1,EDATE(D77,T77),"غير محدد"),"غير محدد") -> غير محدد | T77: {=IFERROR(MID(R77,MATCH(TRUE,ISNUMBER(1*MID(R77,ROW($1:$13),1)),0),COUNT(1*MID(R77,ROW($1:$13),1))),"غير محدد")} -> غير محدد | U77: يحتاج الى إعادة | V77: =الجدول1[[#This Row],[CO2]]/الجدول1[[#This Row],[CO]] -> 10.786765 | W77: =الجدول1[[#This Row],[C2H2]]/الجدول1[[#This Row],[C2H4]] -> 0 | X77: =الجدول1[[#This Row],[C2H4]]/الجدول1[[#This Row],[C2H6]] -> 0.17777778 | Y77: =الجدول1[[#This Row],[CH4]]/الجدول1[[#This Row],[H2]] -> 0.044827586 | Z77: =IFERROR(DATEDIF(S77,TODAY(),"MD") & " ","0 ") -> 0
A78: سمالوط 500 | B78: T13 | C78: 500 / 220 | D78: 44866 | E78: =IFERROR(DATEDIF(D78,TODAY(),"YM") & " m " & DATEDIF(D78,TODAY(),"MD") & " D "," ") -> 1 m 15 D | F78: 12537 | G78: 55817 | H78: =الجدول1[[#This Row],[O2]]/الجدول1[[#This Row],[N2]] -> 0.22460899 | I78: 19 | J78: 2554 | K78: 1 | L78: 1 | M78: 0 | N78: 3 | O78: 739 | P78: T2 | Q78: 2 | R78: R&F | S78: =IFERROR(IF(T78>=1,EDATE(D78,T78),"غير محدد"),"غير محدد") -> غير محدد | T78: {=IFERROR(MID(R78,MATCH(TRUE,ISNUMBER(1*MID(R78,ROW($1:$13),1)),0),COUNT(1*MID(R78,ROW($1:$13),1))),"غير محدد")} -> غير محدد | U78: تم | V78: =الجدول1[[#This Row],[CO2]]/الجدول1[[#This Row],[CO]] -> 3.4560217 | W78: =الجدول1[[#This Row],[C2H2]]/الجدول1[[#This Row],[C2H4]] -> 0 | X78: =الجدول1[[#This Row],[C2H4]]/الجدول1[[#This Row],[C2H6]] -> 1 | Y78: =الجدول1[[#This Row],[CH4]]/الجدول1[[#This Row],[H2]] -> 0.15789474 | Z78: =IFERROR(DATEDIF(S78,TODAY(),"MD") & " ","0 ") -> 0
A79: سمالوط 500 | B79: T13 | C79: 500 / 220 | D79: 45048 | E79: =IFERROR(DATEDIF(D79,TODAY(),"YM") & " m " & DATEDIF(D79,TODAY(),"MD") & " D "," ") -> 7 m 14 D | F79: 5103 | G79: 37415 | H79: =الجدول1[[#This Row],[O2]]/الجدول1[[#This Row],[N2]] -> 0.13638915 | I79: 24 | J79: 2225 | K79: 2 | L79: 3 | M79: 0 | N79: 1 | O79: 975 | P79: T3 | Q79: 2 | R79: R&F | S79: =IFERROR(IF(T79>=1,EDATE(D79,T79),"غير محدد"),"غير محدد") -> غير محدد | T79: {=IFERROR(MID(R79,MATCH(TRUE,ISNUMBER(1*MID(R79,ROW($1:$13),1)),0),COUNT(1*MID(R79,ROW($1:$13),1))),"غير محدد")} -> غير محدد | U79: يحتاج الى إعادة | V79: =الجدول1[[#This Row],[CO2]]/الجدول1[[#This Row],[CO]] -> 2.2820513 | W79: =الجدول1[[#This Row],[C2H2]]/الجدول1[[#This Row],[C2H4]] -> 0 | X79: =الجدول1[[#This Row],[C2H4]]/الجدول1[[#This Row],[C2H6]] -> 0.66666667 | Y79: =الجدول1[[#This Row],[CH4]]/الجدول1[[#This Row],[H2]] -> 0.041666667 | Z79: =IFERROR(DATEDIF(S79,TODAY(),"MD") & " ","0 ") -> 0
A80: سمالوط 500 | B80: T8 | C80: 220 / 66 | D80: 44866 | E80: =IFERROR(DATEDIF(D80,TODAY(),"YM") & " m " & DATEDIF(D80,TODAY(),"MD") & " D "," ") -> 1 m 15 D | F80: 9163 | G80: 31020 | H80: =الجدول1[[#This Row],[O2]]/الجدول1[[#This Row],[N2]] -> 0.29539007 | I80: 17 | J80: 4225 | K80: 2 | L80: 2 | M80: 0 | N80: 4 | O80: 719 | P80: T2 | Q80: 2 | R80: R | S80: =IFERROR(IF(T80>=1,EDATE(D80,T80),"غير محدد"),"غير محدد") -> غير محدد | T80: {=IFERROR(MID(R80,MATCH(TRUE,ISNUMBER(1*MID(R80,ROW($1:$13),1)),0),COUNT(1*MID(R80,ROW($1:$13),1))),"غير محدد")} -> غير محدد | U80: يحتاج الى إعادة | V80: =الجدول1[[#This Row],[CO2]]/الجدول1[[#This Row],[CO]] -> 5.876217 | W80: =الجدول1[[#This Row],[C2H2]]/الجدول1[[#This Row],[C2H4]] -> 0 | X80: =الجدول1[[#This Row],[C2H4]]/الجدول1[[#This Row],[C2H6]] -> 1 | Y80: =الجدول1[[#This Row],[CH4]]/الجدول1[[#This Row],[H2]] -> 0.23529412 | Z80: =IFERROR(DATEDIF(S80,TODAY(),"MD") & " ","0 ") -> 0
A81: غرب المنيا | B81: 2T | C81: 66 / 11 | D81: 45372 | E81: =IFERROR(DATEDIF(D81,TODAY(),"YM") & " m " & DATEDIF(D81,TODAY(),"MD") & " D "," ") -> 8 m 25 D | F81: 13872 | G81: 84149 | H81: =الجدول1[[#This Row],[O2]]/الجدول1[[#This Row],[N2]] -> 0.16485044 | I81: 167 | J81: 3321 | K81: 3 | L81: 3 | M81: 0 | N81: 1 | O81: 253 | P81: T3 | Q81: S3 | R81: R1 | S81: =IFERROR(IF(T81>=1,EDATE(D81,T81),"غير محدد"),"غير محدد") -> 45403 | T81: {=IFERROR(MID(R81,MATCH(TRUE,ISNUMBER(1*MID(R81,ROW($1:$13),1)),0),COUNT(1*MID(R81,ROW($1:$13),1))),"غير محدد")} -> 1 | U81: تم | V81: =الجدول1[[#This Row],[CO2]]/الجدول1[[#This Row],[CO]] -> 13.126482 | W81: =الجدول1[[#This Row],[C2H2]]/الجدول1[[#This Row],[C2H4]] -> 0 | X81: =الجدول1[[#This Row],[C2H4]]/الجدول1[[#This Row],[C2H6]] -> 1 | Y81: =الجدول1[[#This Row],[CH4]]/الجدول1[[#This Row],[H2]] -> 0.005988024 | Z81: =IFERROR(DATEDIF(S81,TODAY(),"MD") & " ","0 ") -> 25
A82: غرب المنيا | B82: 2T | C82: 66 / 11 | D82: 45412 | E82: =IFERROR(DATEDIF(D82,TODAY(),"YM") & " m " & DATEDIF(D82,TODAY(),"MD") & " D "," ") -> 7 m 16 D | F82: 6661 | G82: 80218 | H82: =الجدول1[[#This Row],[O2]]/الجدول1[[#This Row],[N2]] -> 0.083036226 | I82: 171 | J82: 2563 | K82: 2 | L82: 10 | M82: 0 | N82: 3 | O82: 264 | P82: - | Q82: S3 | R82: I&R1 | S82: =IFERROR(IF(T82>=1,EDATE(D82,T82),"غير محدد"),"غير محدد") -> 45442 | T82: {=IFERROR(MID(R82,MATCH(TRUE,ISNUMBER(1*MID(R82,ROW($1:$13),1)),0),COUNT(1*MID(R82,ROW($1:$13),1))),"غير محدد")} -> 1 | U82: تم | V82: =الجدول1[[#This Row],[CO2]]/الجدول1[[#This Row],[CO]] -> 9.7083333 | W82: =الجدول1[[#This Row],[C2H2]]/الجدول1[[#This Row],[C2H4]] -> 0 | X82: =الجدول1[[#This Row],[C2H4]]/الجدول1[[#This Row],[C2H6]] -> 0.2 | Y82: =الجدول1[[#This Row],[CH4]]/الجدول1[[#This Row],[H2]] -> 0.01754386 | Z82: =IFERROR(DATEDIF(S82,TODAY(),"MD") & " ","0 ") -> 16
A83: غرب المنيا | B83: 2T | C83: 66 / 11 | D83: 45554 | E83: =IFERROR(DATEDIF(D83,TODAY(),"YM") & " m " & DATEDIF(D83,TODAY(),"MD") & " D "," ") -> 2 m 27 D | F83: 3212 | G83: 88383 | H83: =الجدول1[[#This Row],[O2]]/الجدول1[[#This Row],[N2]] -> 0.03634183 | I83: 371 | J83: 1965 | K83: 4 | L83: 8 | M83: 0 | N83: 8 | O83: 207 | P83: T2 | Q83: S3 | R83: R1 | S83: =IFERROR(IF(T83>=1,EDATE(D83,T83),"غير محدد"),"غير محدد") -> 45584 | T83: {=IFERROR(MID(R83,MATCH(TRUE,ISNUMBER(1*MID(R83,ROW($1:$13),1)),0),COUNT(1*MID(R83,ROW($1:$13),1))),"غير محدد")} -> 1 | U83: يحتاج الى إعادة | V83: =الجدول1[[#This Row],[CO2]]/الجدول1[[#This Row],[CO]] -> 9.4927536 | W83: =الجدول1[[#This Row],[C2H2]]/الجدول1[[#This Row],[C2H4]] -> 0 | X83: =الجدول1[[#This Row],[C2H4]]/الجدول1[[#This Row],[C2H6]] -> 0.5 | Y83: =الجدول1[[#This Row],[CH4]]/الجدول1[[#This Row],[H2]] -> 0.021563342 | Z83: =IFERROR(DATEDIF(S83,TODAY(),"MD") & " ","0 ") -> 27
A84: غرب المنيا | B84: 3T | C84: 66 / 11 | D84: 45630 | E84: =IFERROR(DATEDIF(D84,TODAY(),"YM") & " m " & DATEDIF(D84,TODAY(),"MD") & " D "," ") -> 0 m 12 D | F84: 19290 | G84: 85675 | H84: =الجدول1[[#This Row],[O2]]/الجدول1[[#This Row],[N2]] -> 0.2251532 | I84: 87 | J84: 3375 | K84: 15 | L84: 5 | M84: 0 | N84: 5 | O84: 434 | P84: T3 | Q84: S3 | R84: R1 | S84: =IFERROR(IF(T84>=1,EDATE(D84,T84),"غير محدد"),"غير محدد") -> 45661 | T84: {=IFERROR(MID(R84,MATCH(TRUE,ISNUMBER(1*MID(R84,ROW($1:$13),1)),0),COUNT(1*MID(R84,ROW($1:$13),1))),"غير محدد")} -> 1 | U84: يحتاج الى إعادة | V84: =الجدول1[[#This Row],[CO2]]/الجدول1[[#This Row],[CO]] -> 7.7764977 | W84: =الجدول1[[#This Row],[C2H2]]/الجدول1[[#This Row],[C2H4]] -> 0 | X84: =الجدول1[[#This Row],[C2H4]]/الجدول1[[#This Row],[C2H6]] -> 3 | Y84: =الجدول1[[#This Row],[CH4]]/الجدول1[[#This Row],[H2]] -> 0.057471264 | Z84: =IFERROR(DATEDIF(S84,TODAY(),"MD") & " ","0 ") -> 12
A85: غرب المنيا | B85: 4T | C85: 66 / 11 | D85: 45412 | E85: =IFERROR(DATEDIF(D85,TODAY(),"YM") & " m " & DATEDIF(D85,TODAY(),"MD") & " D "," ") -> 7 m 16 D | F85: 17782 | G85: 80496 | H85: =الجدول1[[#This Row],[O2]]/الجدول1[[#This Row],[N2]] -> 0.22090539 | I85: 77 | J85: 2777 | K85: 4 | L85: 5 | M85: 0 | N85: 8 | O85: 236 | P85: - | Q85: S2 | R85: R1 | S85: =IFERROR(IF(T85>=1,EDATE(D85,T85),"غير محدد"),"غير محدد") -> 45442 | T85: {=IFERROR(MID(R85,MATCH(TRUE,ISNUMBER(1*MID(R85,ROW($1:$13),1)),0),COUNT(1*MID(R85,ROW($1:$13),1))),"غير محدد")} -> 1 | U85: تم | V85: =الجدول1[[#This Row],[CO2]]/الجدول1[[#This Row],[CO]] -> 11.766949 | W85: =الجدول1[[#This Row],[C2H2]]/الجدول1[[#This Row],[C2H4]] -> 0 | X85: =الجدول1[[#This Row],[C2H4]]/الجدول1[[#This Row],[C2H6]] -> 0.8 | Y85: =الجدول1[[#This Row],[CH4]]/الجدول1[[#This Row],[H2]] -> 0.1038961 | Z85: =IFERROR(DATEDIF(S85,TODAY(),"MD") & " ","0 ") -> 16
A86: غرب المنيا | B86: 4T | C86: 66 / 11 | D86: 45554 | E86: =IFERROR(DATEDIF(D86,TODAY(),"YM") & " m " & DATEDIF(D86,TODAY(),"MD") & " D "," ") -> 2 m 27 D | F86: 9758 | G86: 134567 | H86: =الجدول1[[#This Row],[O2]]/الجدول1[[#This Row],[N2]] -> 0.072514064 | I86: 245 | J86: 2382 | K86: 1 | L86: 4 | M86: 0 | N86: 4 | O86: 270 | P86: T1 | Q86: S3 | R86: R1 | S86: =IFERROR(IF(T86>=1,EDATE(D86,T86),"غير محدد"),"غير محدد") -> 45584 | T86: {=IFERROR(MID(R86,MATCH(TRUE,ISNUMBER(1*MID(R86,ROW($1:$13),1)),0),COUNT(1*MID(R86,ROW($1:$13),1))),"غير محدد")} -> 1 | U86: يحتاج الى إعادة | V86: =الجدول1[[#This Row],[CO2]]/الجدول1[[#This Row],[CO]] -> 8.8222222 | W86: =الجدول1[[#This Row],[C2H2]]/الجدول1[[#This Row],[C2H4]] -> 0 | X86: =الجدول1[[#This Row],[C2H4]]/الجدول1[[#This Row],[C2H6]] -> 0.25 | Y86: =الجدول1[[#This Row],[CH4]]/الجدول1[[#This Row],[H2]] -> 0.016326531 | Z86: =IFERROR(DATEDIF(S86,TODAY(),"MD") & " ","0 ") -> 27
A87: غرب المنيا | B87: 5T | C87: 66 / 11 | D87: 45372 | E87: =IFERROR(DATEDIF(D87,TODAY(),"YM") & " m " & DATEDIF(D87,TODAY(),"MD") & " D "," ") -> 8 m 25 D | F87: 5350 | G87: 84606 | H87: =الجدول1[[#This Row],[O2]]/الجدول1[[#This Row],[N2]] -> 0.063234286 | I87: 178 | J87: 4820 | K87: 2 | L87: 5 | M87: 0 | N87: 1 | O87: 791 | P87: T3 | Q87: S3 | R87: R1 | S87: =IFERROR(IF(T87>=1,EDATE(D87,T87),"غير محدد"),"غير محدد") -> 45403 | T87: {=IFERROR(MID(R87,MATCH(TRUE,ISNUMBER(1*MID(R87,ROW($1:$13),1)),0),COUNT(1*MID(R87,ROW($1:$13),1))),"غير محدد")} -> 1 | U87: تم | V87: =الجدول1[[#This Row],[CO2]]/الجدول1[[#This Row],[CO]] -> 6.0935525 | W87: =الجدول1[[#This Row],[C2H2]]/الجدول1[[#This Row],[C2H4]] -> 0 | X87: =الجدول1[[#This Row],[C2H4]]/الجدول1[[#This Row],[C2H6]] -> 0.4 | Y87: =الجدول1[[#This Row],[CH4]]/الجدول1[[#This Row],[H2]] -> 0.0056179775 | Z87: =IFERROR(DATEDIF(S87,TODAY(),"MD") & " ","0 ") -> 25
A88: غرب المنيا | B88: 5T | C88: 66 / 11 | D88: 45412 | E88: =IFERROR(DATEDIF(D88,TODAY(),"YM") & " m " & DATEDIF(D88,TODAY(),"MD") & " D "," ") -> 7 m 16 D | F88: 5930 | G88: 84709 | H88: =الجدول1[[#This Row],[O2]]/الجدول1[[#This Row],[N2]] -> 0.070004368 | I88: 151 | J88: 3641 | K88: 8 | L88: 2 | M88: 0 | N88: 2 | O88: 816 | P88: - | Q88: S3 | R88: R1 | S88: =IFERROR(IF(T88>=1,EDATE(D88,T88),"غير محدد"),"غير محدد") -> 45442 | T88: {=IFERROR(MID(R88,MATCH(TRUE,ISNUMBER(1*MID(R88,ROW($1:$13),1)),0),COUNT(1*MID(R88,ROW($1:$13),1))),"غير محدد")} -> 1 | U88: يحتاج الى إعادة | V88: =الجدول1[[#This Row],[CO2]]/الجدول1[[#This Row],[CO]] -> 4.4620098 | W88: =الجدول1[[#This Row],[C2H2]]/الجدول1[[#This Row],[C2H4]] -> 0 | X88: =الجدول1[[#This Row],[C2H4]]/الجدول1[[#This Row],[C2H6]] -> 4 | Y88: =الجدول1[[#This Row],[CH4]]/الجدول1[[#This Row],[H2]] -> 0.013245033 | Z88: =IFERROR(DATEDIF(S88,TODAY(),"MD") & " ","0 ") -> 16
A89: غرب مغاغة | B89: 8T L1 | C89: 500 /220 | D89: 45266 | E89: =IFERROR(DATEDIF(D89,TODAY(),"YM") & " m " & DATEDIF(D89,TODAY(),"MD") & " D "," ") -> 0 m 10 D | F89: 11465 | G89: 51548 | H89: =الجدول1[[#This Row],[O2]]/الجدول1[[#This Row],[N2]] -> 0.22241406 | I89: 13 | J89: 2098 | K89: 2 | L89: 2 | M89: 0 | N89: 1 | O89: 1085 | P89: T3 | Q89: S3 | R89: I&R | S89: =IFERROR(IF(T89>=1,EDATE(D89,T89),"غير محدد"),"غير محدد") -> غير محدد | T89: {=IFERROR(MID(R89,MATCH(TRUE,ISNUMBER(1*MID(R89,ROW($1:$13),1)),0),COUNT(1*MID(R89,ROW($1:$13),1))),"غير محدد")} -> غير محدد | U89: تم | V89: =الجدول1[[#This Row],[CO2]]/الجدول1[[#This Row],[CO]] -> 1.9336406 | W89: =الجدول1[[#This Row],[C2H2]]/الجدول1[[#This Row],[C2H4]] -> 0 | X89: =الجدول1[[#This Row],[C2H4]]/الجدول1[[#This Row],[C2H6]] -> 1 | Y89: =الجدول1[[#This Row],[CH4]]/الجدول1[[#This Row],[H2]] -> 0.076923077 | Z89: =IFERROR(DATEDIF(S89,TODAY(),"MD") & " ","0 ") -> 0
A90: غرب مغاغة | B90: 8T L1 | C90: 500 /220 | D90: 45740 | E90: =IFERROR(DATEDIF(D90,TODAY(),"YM") & " m " & DATEDIF(D90,TODAY(),"MD") & " D "," ") -> 8 m 22 D | F90: 8683 | G90: 31907 | H90: =الجدول1[[#This Row],[O2]]/الجدول1[[#This Row],[N2]] -> 0.27213464 | I90: 51 | J90: 1841 | K90: 2 | L90: 3 | M90: 0 | N90: 1 | O90: 741 | P90: T3 | Q90: S3 | R90: R1 | S90: =IFERROR(IF(T90>=1,EDATE(D90,T90),"غير محدد"),"غير محدد") -> 45771 | T90: {=IFERROR(MID(R90,MATCH(TRUE,ISNUMBER(1*MID(R90,ROW($1:$13),1)),0),COUNT(1*MID(R90,ROW($1:$13),1))),"غير محدد")} -> 1 | U90: تم | V90: =الجدول1[[#This Row],[CO2]]/الجدول1[[#This Row],[CO]] -> 2.4844804 | W90: =الجدول1[[#This Row],[C2H2]]/الجدول1[[#This Row],[C2H4]] -> 0 | X90: =الجدول1[[#This Row],[C2H4]]/الجدول1[[#This Row],[C2H6]] -> 0.66666667 | Y90: =الجدول1[[#This Row],[CH4]]/الجدول1[[#This Row],[H2]] -> 0.019607843 | Z90: =IFERROR(DATEDIF(S90,TODAY(),"MD") & " ","0 ") -> 22
A91: غرب مغاغة | B91: 8T L1 | C91: 500 /220 | D91: 45797 | E91: =IFERROR(DATEDIF(D91,TODAY(),"YM") & " m " & DATEDIF(D91,TODAY(),"MD") & " D "," ") -> 6 m 26 D | F91: 14073 | G91: 44418 | H91: =الجدول1[[#This Row],[O2]]/الجدول1[[#This Row],[N2]] -> 0.31683101 | I91: 21 | J91: 1817 | K91: 1 | L91: 1 | M91: 0 | N91: 1 | O91: 882 | P91: T2 | Q91: S3 | R91: R6 | S91: =IFERROR(IF(T91>=1,EDATE(D91,T91),"غير محدد"),"غير محدد") -> 45981 | T91: {=IFERROR(MID(R91,MATCH(TRUE,ISNUMBER(1*MID(R91,ROW($1:$13),1)),0),COUNT(1*MID(R91,ROW($1:$13),1))),"غير محدد")} -> 6 | U91: يحتاج الى إعادة | V91: =الجدول1[[#This Row],[CO2]]/الجدول1[[#This Row],[CO]] -> 2.0600907 | W91: =الجدول1[[#This Row],[C2H2]]/الجدول1[[#This Row],[C2H4]] -> 0 | X91: =الجدول1[[#This Row],[C2H4]]/الجدول1[[#This Row],[C2H6]] -> 1 | Y91: =الجدول1[[#This Row],[CH4]]/الجدول1[[#This Row],[H2]] -> 0.047619048 | Z91: =IFERROR(DATEDIF(S91,TODAY(),"MD") & " ","0 ") -> 26
A92: غرب مغاغة | B92: 8T L1 | C92: 500 /220 | D92: 18/10/2023 | E92: =IFERROR(DATEDIF(D92,TODAY(),"YM") & " m " & DATEDIF(D92,TODAY(),"MD") & " D "," ") -> 1 m 28 D | F92: 30698 | G92: 117548 | H92: =الجدول1[[#This Row],[O2]]/الجدول1[[#This Row],[N2]] -> 0.26115289 | I92: 9 | J92: 3394 | K92: 2 | L92: 4 | M92: 0 | N92: 1 | O92: 952 | P92: T3 | Q92: S3 | R92: R | S92: =IFERROR(IF(T92>=1,EDATE(D92,T92),"غير محدد"),"غير محدد") -> غير محدد | T92: {=IFERROR(MID(R92,MATCH(TRUE,ISNUMBER(1*MID(R92,ROW($1:$13),1)),0),COUNT(1*MID(R92,ROW($1:$13),1))),"غير محدد")} -> غير محدد | U92: تم | V92: =الجدول1[[#This Row],[CO2]]/الجدول1[[#This Row],[CO]] -> 3.5651261 | W92: =الجدول1[[#This Row],[C2H2]]/الجدول1[[#This Row],[C2H4]] -> 0 | X92: =الجدول1[[#This Row],[C2H4]]/الجدول1[[#This Row],[C2H6]] -> 0.5 | Y92: =الجدول1[[#This Row],[CH4]]/الجدول1[[#This Row],[H2]] -> 0.11111111 | Z92: =IFERROR(DATEDIF(S92,TODAY(),"MD") & " ","0 ") -> 0
A93: غرب مغاغة | B93: 8T L2 | C93: 500 /220 | D93: 44994 | E93: =IFERROR(DATEDIF(D93,TODAY(),"YM") & " m " & DATEDIF(D93,TODAY(),"MD") & " D "," ") -> 9 m 7 D | F93: 33674 | G93: 118539 | H93: =الجدول1[[#This Row],[O2]]/الجدول1[[#This Row],[N2]] -> 0.28407528 | I93: 13 | J93: 3294 | K93: 4 | L93: 2 | M93: 0 | N93: 2 | O93: 846 | P93: T3 | Q93: S3 | R93: R | S93: =IFERROR(IF(T93>=1,EDATE(D93,T93),"غير محدد"),"غير محدد") -> غير محدد | T93: {=IFERROR(MID(R93,MATCH(TRUE,ISNUMBER(1*MID(R93,ROW($1:$13),1)),0),COUNT(1*MID(R93,ROW($1:$13),1))),"غير محدد")} -> غير محدد | U93: تم | V93: =الجدول1[[#This Row],[CO2]]/الجدول1[[#This Row],[CO]] -> 3.893617 | W93: =الجدول1[[#This Row],[C2H2]]/الجدول1[[#This Row],[C2H4]] -> 0 | X93: =الجدول1[[#This Row],[C2H4]]/الجدول1[[#This Row],[C2H6]] -> 2 | Y93: =الجدول1[[#This Row],[CH4]]/الجدول1[[#This Row],[H2]] -> 0.15384615 | Z93: =IFERROR(DATEDIF(S93,TODAY(),"MD") & " ","0 ") -> 0
A94: غرب مغاغة | B94: 8T L2 | C94: 500 /220 | D94: 45266 | E94: =IFERROR(DATEDIF(D94,TODAY(),"YM") & " m " & DATEDIF(D94,TODAY(),"MD") & " D "," ") -> 0 m 10 D | F94: 13598 | G94: 55213 | H94: =الجدول1[[#This Row],[O2]]/الجدول1[[#This Row],[N2]] -> 0.24628258 | I94: 12 | J94: 1929 | K94: 3 | L94: 3 | M94: 0 | N94: 4 | O94: 1055 | P94: T2 | Q94: S3 | R94: I&R | S94: =IFERROR(IF(T94>=1,EDATE(D94,T94),"غير محدد"),"غير محدد") -> غير محدد | T94: {=IFERROR(MID(R94,MATCH(TRUE,ISNUMBER(1*MID(R94,ROW($1:$13),1)),0),COUNT(1*MID(R94,ROW($1:$13),1))),"غير محدد")} -> غير محدد | U94: يحتاج الى إعادة | V94: =الجدول1[[#This Row],[CO2]]/الجدول1[[#This Row],[CO]] -> 1.828436 | W94: =الجدول1[[#This Row],[C2H2]]/الجدول1[[#This Row],[C2H4]] -> 0 | X94: =الجدول1[[#This Row],[C2H4]]/الجدول1[[#This Row],[C2H6]] -> 1 | Y94: =الجدول1[[#This Row],[CH4]]/الجدول1[[#This Row],[H2]] -> 0.33333333 | Z94: =IFERROR(DATEDIF(S94,TODAY(),"MD") & " ","0 ") -> 0
A95: غرب مغاغة | B95: 8T L3 | C95: 500 /220 | D95: 44994 | E95: =IFERROR(DATEDIF(D95,TODAY(),"YM") & " m " & DATEDIF(D95,TODAY(),"MD") & " D "," ") -> 9 m 7 D | F95: 29764 | G95: 129360 | H95: =الجدول1[[#This Row],[O2]]/الجدول1[[#This Row],[N2]] -> 0.23008658 | I95: 14 | J95: 3637 | K95: 2 | L95: 4 | M95: 0 | N95: 1 | O95: 1063 | P95: T3 | Q95: S3 | R95: R | S95: =IFERROR(IF(T95>=1,EDATE(D95,T95),"غير محدد"),"غير محدد") -> غير محدد | T95: {=IFERROR(MID(R95,MATCH(TRUE,ISNUMBER(1*MID(R95,ROW($1:$13),1)),0),COUNT(1*MID(R95,ROW($1:$13),1))),"غير محدد")} -> غير محدد | U95: تم | V95: =الجدول1[[#This Row],[CO2]]/الجدول1[[#This Row],[CO]] -> 3.4214487 | W95: =الجدول1[[#This Row],[C2H2]]/الجدول1[[#This Row],[C2H4]] -> 0 | X95: =الجدول1[[#This Row],[C2H4]]/الجدول1[[#This Row],[C2H6]] -> 0.5 | Y95: =الجدول1[[#This Row],[CH4]]/الجدول1[[#This Row],[H2]] -> 0.071428571 | Z95: =IFERROR(DATEDIF(S95,TODAY(),"MD") & " ","0 ") -> 0
A96: غرب مغاغة | B96: 8T L3 | C96: 500 /220 | D96: 45266 | E96: =IFERROR(DATEDIF(D96,TODAY(),"YM") & " m " & DATEDIF(D96,TODAY(),"MD") & " D "," ") -> 0 m 10 D | F96: 15011 | G96: 69404 | H96: =الجدول1[[#This Row],[O2]]/الجدول1[[#This Row],[N2]] -> 0.21628436 | I96: 10 | J96: 2510 | K96: 2 | L96: 3 | M96: 0 | N96: 1 | O96: 1097 | P96: T3 | Q96: S3 | R96: I&R | S96: =IFERROR(IF(T96>=1,EDATE(D96,T96),"غير محدد"),"غير محدد") -> غير محدد | T96: {=IFERROR(MID(R96,MATCH(TRUE,ISNUMBER(1*MID(R96,ROW($1:$13),1)),0),COUNT(1*MID(R96,ROW($1:$13),1))),"غير محدد")} -> غير محدد | U96: يحتاج الى إعادة | V96: =الجدول1[[#This Row],[CO2]]/الجدول1[[#This Row],[CO]] -> 2.2880583 | W96: =الجدول1[[#This Row],[C2H2]]/الجدول1[[#This Row],[C2H4]] -> 0 | X96: =الجدول1[[#This Row],[C2H4]]/الجدول1[[#This Row],[C2H6]] -> 0.66666667 | Y96: =الجدول1[[#This Row],[CH4]]/الجدول1[[#This Row],[H2]] -> 0.1 | Z96: =IFERROR(DATEDIF(S96,TODAY(),"MD") & " ","0 ") -> 0
A97: غرب مغاغة | B97: 9T L1 | C97: 500/220 | D97: 45266 | E97: =IFERROR(DATEDIF(D97,TODAY(),"YM") & " m " & DATEDIF(D97,TODAY(),"MD") & " D "," ") -> 0 m 10 D | F97: 10209 | G97: 47867 | H97: =الجدول1[[#This Row],[O2]]/الجدول1[[#This Row],[N2]] -> 0.21327846 | I97: 13 | J97: 1654 | K97: 3 | L97: 2 | M97: 0 | N97: 1 | O97: 1009 | P97: T3 | Q97: S3 | R97: I&R | S97: =IFERROR(IF(T97>=1,EDATE(D97,T97),"غير محدد"),"غير محدد") -> غير محدد | T97: {=IFERROR(MID(R97,MATCH(TRUE,ISNUMBER(1*MID(R97,ROW($1:$13),1)),0),COUNT(1*MID(R97,ROW($1:$13),1))),"غير محدد")} -> غير محدد | U97: تم | V97: =الجدول1[[#This Row],[CO2]]/الجدول1[[#This Row],[CO]] -> 1.6392468 | W97: =الجدول1[[#This Row],[C2H2]]/الجدول1[[#This Row],[C2H4]] -> 0 | X97: =الجدول1[[#This Row],[C2H4]]/الجدول1[[#This Row],[C2H6]] -> 1.5 | Y97: =الجدول1[[#This Row],[CH4]]/الجدول1[[#This Row],[H2]] -> 0.076923077 | Z97: =IFERROR(DATEDIF(S97,TODAY(),"MD") & " ","0 ") -> 0
A98: غرب مغاغة | B98: 9T L1 | C98: 500/220 | D98: 45740 | E98: =IFERROR(DATEDIF(D98,TODAY(),"YM") & " m " & DATEDIF(D98,TODAY(),"MD") & " D "," ") -> 8 m 22 D | F98: 6892 | G98: 32026 | H98: =الجدول1[[#This Row],[O2]]/الجدول1[[#This Row],[N2]] -> 0.21520015 | I98: 39 | J98: 1737 | K98: 2 | L98: 4 | M98: 0 | N98: 1 | O98: 972 | P98: T3 | Q98: S3 | R98: R1 | S98: =IFERROR(IF(T98>=1,EDATE(D98,T98),"غير محدد"),"غير محدد") -> 45771 | T98: {=IFERROR(MID(R98,MATCH(TRUE,ISNUMBER(1*MID(R98,ROW($1:$13),1)),0),COUNT(1*MID(R98,ROW($1:$13),1))),"غير محدد")} -> 1 | U98: تم | V98: =الجدول1[[#This Row],[CO2]]/الجدول1[[#This Row],[CO]] -> 1.787037 | W98: =الجدول1[[#This Row],[C2H2]]/الجدول1[[#This Row],[C2H4]] -> 0 | X98: =الجدول1[[#This Row],[C2H4]]/الجدول1[[#This Row],[C2H6]] -> 0.5 | Y98: =الجدول1[[#This Row],[CH4]]/الجدول1[[#This Row],[H2]] -> 0.025641026 | Z98: =IFERROR(DATEDIF(S98,TODAY(),"MD") & " ","0 ") -> 22
A99: غرب مغاغة | B99: 9T L1 | C99: 500/220 | D99: 45797 | E99: =IFERROR(DATEDIF(D99,TODAY(),"YM") & " m " & DATEDIF(D99,TODAY(),"MD") & " D "," ") -> 6 m 26 D | F99: 8643 | G99: 26457 | H99: =الجدول1[[#This Row],[O2]]/الجدول1[[#This Row],[N2]] -> 0.32668103 | I99: 29 | J99: 1617 | K99: 1 | L99: 2 | M99: 0 | N99: 1 | O99: 933 | P99: T3 | Q99: S3 | R99: R6 | S99: =IFERROR(IF(T99>=1,EDATE(D99,T99),"غير محدد"),"غير محدد") -> 45981 | T99: {=IFERROR(MID(R99,MATCH(TRUE,ISNUMBER(1*MID(R99,ROW($1:$13),1)),0),COUNT(1*MID(R99,ROW($1:$13),1))),"غير محدد")} -> 6 | U99: يحتاج الى إعادة | V99: =الجدول1[[#This Row],[CO2]]/الجدول1[[#This Row],[CO]] -> 1.733119 | W99: =الجدول1[[#This Row],[C2H2]]/الجدول1[[#This Row],[C2H4]] -> 0 | X99: =الجدول1[[#This Row],[C2H4]]/الجدول1[[#This Row],[C2H6]] -> 0.5 | Y99: =الجدول1[[#This Row],[CH4]]/الجدول1[[#This Row],[H2]] -> 0.034482759 | Z99: =IFERROR(DATEDIF(S99,TODAY(),"MD") & " ","0 ") -> 26
A100: غرب مغاغة | B100: 9T L2 | C100: 500/220 | D100: 45266 | E100: =IFERROR(DATEDIF(D100,TODAY(),"YM") & " m " & DATEDIF(D100,TODAY(),"MD") & " D "," ") -> 0 m 10 D | F100: 17867 | G100: 76026 | H100: =الجدول1[[#This Row],[O2]]/الجدول1[[#This Row],[N2]] -> 0.23501171 | I100: 10 | J100: 1787 | K100: 2 | L100: 3 | M100: 0 | N100: 2 | O100: 1002 | P100: T3 | Q100: S3 | R100: I&R | S100: =IFERROR(IF(T100>=1,EDATE(D100,T100),"غير محدد"),"غير محدد") -> غير محدد | T100: {=IFERROR(MID(R100,MATCH(TRUE,ISNUMBER(1*MID(R100,ROW($1:$13),1)),0),COUNT(1*MID(R100,ROW($1:$13),1))),"غير محدد")} -> غير محدد | U100: يحتاج الى إعادة | V100: =الجدول1[[#This Row],[CO2]]/الجدول1[[#This Row],[CO]] -> 1.7834331 | W100: =الجدول1[[#This Row],[C2H2]]/الجدول1[[#This Row],[C2H4]] -> 0 | X100: =الجدول1[[#This Row],[C2H4]]/الجدول1[[#This Row],[C2H6]] -> 0.66666667 | Y100: =الجدول1[[#This Row],[CH4]]/الجدول1[[#This Row],[H2]] -> 0.2 | Z100: =IFERROR(DATEDIF(S100,TODAY(),"MD") & " ","0 ") -> 0
A101: غرب مغاغة | B101: 9T L3 | C101: 500/220 | D101: 45266 | E101: =IFERROR(DATEDIF(D101,TODAY(),"YM") & " m " & DATEDIF(D101,TODAY(),"MD") & " D "," ") -> 0 m 10 D | F101: 21426 | G101: 102138 | H101: =الجدول1[[#This Row],[O2]]/الجدول1[[#This Row],[N2]] -> 0.20977501 | I101: 15 | J101: 2043 | K101: 2 | L101: 3 | M101: 0 | N101: 1 | O101: 1117 | P101: T3 | Q101: S3 | R101: I&R | S101: =IFERROR(IF(T101>=1,EDATE(D101,T101),"غير محدد"),"غير محدد") -> غير محدد | T101: {=IFERROR(MID(R101,MATCH(TRUE,ISNUMBER(1*MID(R101,ROW($1:$13),1)),0),COUNT(1*MID(R101,ROW($1:$13),1))),"غير محدد")} -> غير محدد | U101: يحتاج الى إعادة | V101: =الجدول1[[#This Row],[CO2]]/الجدول1[[#This Row],[CO]] -> 1.8290063 | W101: =الجدول1[[#This Row],[C2H2]]/الجدول1[[#This Row],[C2H4]] -> 0 | X101: =الجدول1[[#This Row],[C2H4]]/الجدول1[[#This Row],[C2H6]] -> 0.66666667 | Y101: =الجدول1[[#This Row],[CH4]]/الجدول1[[#This Row],[H2]] -> 0.066666667 | Z101: =IFERROR(DATEDIF(S101,TODAY(),"MD") & " ","0 ") -> 0
A102: غرب مغاغة | B102: T1 | C102: 220 / 66 | D102: 45266 | E102: =IFERROR(DATEDIF(D102,TODAY(),"YM") & " m " & DATEDIF(D102,TODAY(),"MD") & " D "," ") -> 0 m 10 D | F102: 14457 | G102: 82915 | H102: =الجدول1[[#This Row],[O2]]/الجدول1[[#This Row],[N2]] -> 0.17435928 | I102: 13 | J102: 3314 | K102: 9 | L102: 4 | M102: 0 | N102: 3 | O102: 921 | P102: T3 | Q102: S3 | R102: R & I | S102: =IFERROR(IF(T102>=1,EDATE(D102,T102),"غير محدد"),"غير محدد") -> غير محدد | T102: {=IFERROR(MID(R102,MATCH(TRUE,ISNUMBER(1*MID(R102,ROW($1:$13),1)),0),COUNT(1*MID(R102,ROW($1:$13),1))),"غير محدد")} -> غير محدد | U102: تم | V102: =الجدول1[[#This Row],[CO2]]/الجدول1[[#This Row],[CO]] -> 3.5982628 | W102: =الجدول1[[#This Row],[C2H2]]/الجدول1[[#This Row],[C2H4]] -> 0 | X102: =الجدول1[[#This Row],[C2H4]]/الجدول1[[#This Row],[C2H6]] -> 2.25 | Y102: =الجدول1[[#This Row],[CH4]]/الجدول1[[#This Row],[H2]] -> 0.23076923 | Z102: =IFERROR(DATEDIF(S102,TODAY(),"MD") & " ","0 ") -> 0
A103: غرب ملوي | B103: 1T | C103: 220 / 66 | D103: 44895 | E103: =IFERROR(DATEDIF(D103,TODAY(),"YM") & " m " & DATEDIF(D103,TODAY(),"MD") & " D "," ") -> 0 m 16 D | F103: 974 | G103: 21454 | H103: =الجدول1[[#This Row],[O2]]/الجدول1[[#This Row],[N2]] -> 0.045399459 | I103: 49 | J103: 395 | K103: 4 | L103: 48 | M103: 0 | N103: 62 | O103: 158 | P103: N | Q103: 1 | R103: S | S103: =IFERROR(IF(T103>=1,EDATE(D103,T103),"غير محدد"),"غير محدد") -> غير محدد | T103: {=IFERROR(MID(R103,MATCH(TRUE,ISNUMBER(1*MID(R103,ROW($1:$13),1)),0),COUNT(1*MID(R103,ROW($1:$13),1))),"غير محدد")} -> غير محدد | U103: تم | V103: =الجدول1[[#This Row],[CO2]]/الجدول1[[#This Row],[CO]] -> 2.5 | W103: =الجدول1[[#This Row],[C2H2]]/الجدول1[[#This Row],[C2H4]] -> 0 | X103: =الجدول1[[#This Row],[C2H4]]/الجدول1[[#This Row],[C2H6]] -> 0.083333333 | Y103: =الجدول1[[#This Row],[CH4]]/الجدول1[[#This Row],[H2]] -> 1.2653061 | Z103: =IFERROR(DATEDIF(S103,TODAY(),"MD") & " ","0 ") -> 0
A104: غرب ملوي | B104: 1T | C104: 220 / 66 | D104: 45266 | E104: =IFERROR(DATEDIF(D104,TODAY(),"YM") & " m " & DATEDIF(D104,TODAY(),"MD") & " D "," ") -> 0 m 10 D | F104: 5011 | G104: 59900 | H104: =الجدول1[[#This Row],[O2]]/الجدول1[[#This Row],[N2]] -> 0.083656093 | I104: 29 | J104: 1036 | K104: 8 | L104: 98 | M104: 10 | N104: 14 | O104: 88 | P104: D2 | Q104: S3 | R104: R | S104: =IFERROR(IF(T104>=1,EDATE(D104,T104),"غير محدد"),"غير محدد") -> غير محدد | T104: {=IFERROR(MID(R104,MATCH(TRUE,ISNUMBER(1*MID(R104,ROW($1:$13),1)),0),COUNT(1*MID(R104,ROW($1:$13),1))),"غير محدد")} -> غير محدد | U104: تم | V104: =الجدول1[[#This Row],[CO2]]/الجدول1[[#This Row],[CO]] -> 11.772727 | W104: =الجدول1[[#This Row],[C2H2]]/الجدول1[[#This Row],[C2H4]] -> 1.25 | X104: =الجدول1[[#This Row],[C2H4]]/الجدول1[[#This Row],[C2H6]] -> 0.081632653 | Y104: =الجدول1[[#This Row],[CH4]]/الجدول1[[#This Row],[H2]] -> 0.48275862 | Z104: =IFERROR(DATEDIF(S104,TODAY(),"MD") & " ","0 ") -> 0
A105: غرب ملوي | B105: 1T | C105: 220 / 66 | D105: 45372 | E105: =IFERROR(DATEDIF(D105,TODAY(),"YM") & " m " & DATEDIF(D105,TODAY(),"MD") & " D "," ") -> 8 m 25 D | F105: 7714 | G105: 77376 | H105: =الجدول1[[#This Row],[O2]]/الجدول1[[#This Row],[N2]] -> 0.099694996 | I105: 5 | J105: 1690 | K105: 150 | L105: 2 | M105: 0 | N105: 54 | O105: 158 | P105: T3 | Q105: S3 | R105: R6 | S105: =IFERROR(IF(T105>=1,EDATE(D105,T105),"غير محدد"),"غير محدد") -> 45556 | T105: {=IFERROR(MID(R105,MATCH(TRUE,ISNUMBER(1*MID(R105,ROW($1:$13),1)),0),COUNT(1*MID(R105,ROW($1:$13),1))),"غير محدد")} -> 6 | U105: تم | V105: =الجدول1[[#This Row],[CO2]]/الجدول1[[#This Row],[CO]] -> 10.696203 | W105: =الجدول1[[#This Row],[C2H2]]/الجدول1[[#This Row],[C2H4]] -> 0 | X105: =الجدول1[[#This Row],[C2H4]]/الجدول1[[#This Row],[C2H6]] -> 75 | Y105: =الجدول1[[#This Row],[CH4]]/الجدول1[[#This Row],[H2]] -> 10.8 | Z105: =IFERROR(DATEDIF(S105,TODAY(),"MD") & " ","0 ") -> 25
A106: غرب ملوي | B106: 1T | C106: 220 / 66 | D106: 45875 | E106: =IFERROR(DATEDIF(D106,TODAY(),"YM") & " m " & DATEDIF(D106,TODAY(),"MD") & " D "," ") -> 4 m 10 D | F106: 19599 | G106: 164846 | H106: =الجدول1[[#This Row],[O2]]/الجدول1[[#This Row],[N2]] -> 0.11889278 | I106: 30 | J106: 3446 | K106: 2 | L106: 265 | M106: 0 | N106: 114 | O106: 244 | P106: PD | Q106: S3 | R106: R3 | S106: =IFERROR(IF(T106>=1,EDATE(D106,T106),"غير محدد"),"غير محدد") -> 45967 | T106: {=IFERROR(MID(R106,MATCH(TRUE,ISNUMBER(1*MID(R106,ROW($1:$13),1)),0),COUNT(1*MID(R106,ROW($1:$13),1))),"غير محدد")} -> 3 | U106: يحتاج الى إعادة | V106: =الجدول1[[#This Row],[CO2]]/الجدول1[[#This Row],[CO]] -> 14.122951 | W106: =الجدول1[[#This Row],[C2H2]]/الجدول1[[#This Row],[C2H4]] -> 0 | X106: =الجدول1[[#This Row],[C2H4]]/الجدول1[[#This Row],[C2H6]] -> 0.0075471698 | Y106: =الجدول1[[#This Row],[CH4]]/الجدول1[[#This Row],[H2]] -> 3.8 | Z106: =IFERROR(DATEDIF(S106,TODAY(),"MD") & " ","0 ") -> 10
A107: غرب ملوي | B107: 2T | C107: 220 / 66 | D107: 44895 | E107: =IFERROR(DATEDIF(D107,TODAY(),"YM") & " m " & DATEDIF(D107,TODAY(),"MD") & " D "," ") -> 0 m 16 D | F107: 1424 | G107: 31891 | H107: =الجدول1[[#This Row],[O2]]/الجدول1[[#This Row],[N2]] -> 0.044652096 | I107: 103 | J107: 1573 | K107: 4 | L107: 135 | M107: 0 | N107: 86 | O107: 149 | P107: N | Q107: 1 | R107: S | S107: =IFERROR(IF(T107>=1,EDATE(D107,T107),"غير محدد"),"غير محدد") -> غير محدد | T107: {=IFERROR(MID(R107,MATCH(TRUE,ISNUMBER(1*MID(R107,ROW($1:$13),1)),0),COUNT(1*MID(R107,ROW($1:$13),1))),"غير محدد")} -> غير محدد | U107: تم | V107: =الجدول1[[#This Row],[CO2]]/الجدول1[[#This Row],[CO]] -> 10.557047 | W107: =الجدول1[[#This Row],[C2H2]]/الجدول1[[#This Row],[C2H4]] -> 0 | X107: =الجدول1[[#This Row],[C2H4]]/الجدول1[[#This Row],[C2H6]] -> 0.02962963 | Y107: =الجدول1[[#This Row],[CH4]]/الجدول1[[#This Row],[H2]] -> 0.83495146 | Z107: =IFERROR(DATEDIF(S107,TODAY(),"MD") & " ","0 ") -> 0
A108: غرب ملوي | B108: 2T | C108: 220 / 66 | D108: 45769 | E108: =IFERROR(DATEDIF(D108,TODAY(),"YM") & " m " & DATEDIF(D108,TODAY(),"MD") & " D "," ") -> 7 m 24 D | F108: 3629 | G108: 62323 | H108: =الجدول1[[#This Row],[O2]]/الجدول1[[#This Row],[N2]] -> 0.058228904 | I108: 26 | J108: 1380 | K108: 3 | L108: 203 | M108: 0 | N108: 117 | O108: 254 | P108: T1 | Q108: S3 | R108: R3 | S108: =IFERROR(IF(T108>=1,EDATE(D108,T108),"غير محدد"),"غير محدد") -> 45860 | T108: {=IFERROR(MID(R108,MATCH(TRUE,ISNUMBER(1*MID(R108,ROW($1:$13),1)),0),COUNT(1*MID(R108,ROW($1:$13),1))),"غير محدد")} -> 3 | U108: يحتاج الى إعادة | V108: =الجدول1[[#This Row],[CO2]]/الجدول1[[#This Row],[CO]] -> 5.4330709 | W108: =الجدول1[[#This Row],[C2H2]]/الجدول1[[#This Row],[C2H4]] -> 0 | X108: =الجدول1[[#This Row],[C2H4]]/الجدول1[[#This Row],[C2H6]] -> 0.014778325 | Y108: =الجدول1[[#This Row],[CH4]]/الجدول1[[#This Row],[H2]] -> 4.5 | Z108: =IFERROR(DATEDIF(S108,TODAY(),"MD") & " ","0 ") -> 24
A109: غرب ملوي | B109: 2T | C109: 220 / 66 | D109: 45875 | E109: =IFERROR(DATEDIF(D109,TODAY(),"YM") & " m " & DATEDIF(D109,TODAY(),"MD") & " D "," ") -> 4 m 10 D | F109: 29461 | G109: 145646 | H109: =الجدول1[[#This Row],[O2]]/الجدول1[[#This Row],[N2]] -> 0.20227813 | I109: 138 | J109: 2442 | K109: 1 | L109: 85 | M109: 0 | N109: 35 | O109: 82 | P109: T1 | Q109: S3 | R109: R3 | S109: =IFERROR(IF(T109>=1,EDATE(D109,T109),"غير محدد"),"غير محدد") -> 45967 | T109: {=IFERROR(MID(R109,MATCH(TRUE,ISNUMBER(1*MID(R109,ROW($1:$13),1)),0),COUNT(1*MID(R109,ROW($1:$13),1))),"غير محدد")} -> 3 | U109: يحتاج الى إعادة | V109: =الجدول1[[#This Row],[CO2]]/الجدول1[[#This Row],[CO]] -> 29.780488 | W109: =الجدول1[[#This Row],[C2H2]]/الجدول1[[#This Row],[C2H4]] -> 0 | X109: =الجدول1[[#This Row],[C2H4]]/الجدول1[[#This Row],[C2H6]] -> 0.011764706 | Y109: =الجدول1[[#This Row],[CH4]]/الجدول1[[#This Row],[H2]] -> 0.25362319 | Z109: =IFERROR(DATEDIF(S109,TODAY(),"MD") & " ","0 ") -> 10
A110: غرب ملوي | B110: 5T | C110: 220 / 66 | D110: 44895 | E110: =IFERROR(DATEDIF(D110,TODAY(),"YM") & " m " & DATEDIF(D110,TODAY(),"MD") & " D "," ") -> 0 m 16 D | F110: 16854 | G110: 44132 | H110: =الجدول1[[#This Row],[O2]]/الجدول1[[#This Row],[N2]] -> 0.38189976 | I110: 20 | J110: 3881 | K110: 3 | L110: 5 | M110: 0 | N110: 4 | O110: 867 | P110: T2 | Q110: 2 | R110: R | S110: =IFERROR(IF(T110>=1,EDATE(D110,T110),"غير محدد"),"غير محدد") -> غير محدد | T110: {=IFERROR(MID(R110,MATCH(TRUE,ISNUMBER(1*MID(R110,ROW($1:$13),1)),0),COUNT(1*MID(R110,ROW($1:$13),1))),"غير محدد")} -> غير محدد | U110: تم | V110: =الجدول1[[#This Row],[CO2]]/الجدول1[[#This Row],[CO]] -> 4.4763552 | W110: =الجدول1[[#This Row],[C2H2]]/الجدول1[[#This Row],[C2H4]] -> 0 | X110: =الجدول1[[#This Row],[C2H4]]/الجدول1[[#This Row],[C2H6]] -> 0.6 | Y110: =الجدول1[[#This Row],[CH4]]/الجدول1[[#This Row],[H2]] -> 0.2 | Z110: =IFERROR(DATEDIF(S110,TODAY(),"MD") & " ","0 ") -> 0
A111: غرب ملوي | B111: 5T | C111: 220 / 66 | D111: 45119 | E111: =IFERROR(DATEDIF(D111,TODAY(),"YM") & " m " & DATEDIF(D111,TODAY(),"MD") & " D "," ") -> 5 m 4 D | F111: 2599 | G111: 24102 | H111: =الجدول1[[#This Row],[O2]]/الجدول1[[#This Row],[N2]] -> 0.10783337 | I111: 30 | J111: 793 | K111: 2 | L111: 2 | M111: 0 | N111: 4 | O111: 82 | P111: - | Q111: S1 | R111: A | S111: =IFERROR(IF(T111>=1,EDATE(D111,T111),"غير محدد"),"غير محدد") -> غير محدد | T111: {=IFERROR(MID(R111,MATCH(TRUE,ISNUMBER(1*MID(R111,ROW($1:$13),1)),0),COUNT(1*MID(R111,ROW($1:$13),1))),"غير محدد")} -> غير محدد | U111: تم | V111: =الجدول1[[#This Row],[CO2]]/الجدول1[[#This Row],[CO]] -> 9.6707317 | W111: =الجدول1[[#This Row],[C2H2]]/الجدول1[[#This Row],[C2H4]] -> 0 | X111: =الجدول1[[#This Row],[C2H4]]/الجدول1[[#This Row],[C2H6]] -> 1 | Y111: =الجدول1[[#This Row],[CH4]]/الجدول1[[#This Row],[H2]] -> 0.13333333 | Z111: =IFERROR(DATEDIF(S111,TODAY(),"MD") & " ","0 ") -> 0
A112: غرب ملوي | B112: 7T | C112: 220 / 66 | D112: 44895 | E112: =IFERROR(DATEDIF(D112,TODAY(),"YM") & " m " & DATEDIF(D112,TODAY(),"MD") & " D "," ") -> 0 m 16 D | F112: 1478 | G112: 16740 | H112: =الجدول1[[#This Row],[O2]]/الجدول1[[#This Row],[N2]] -> 0.088291517 | I112: 28 | J112: 907 | K112: 3 | L112: 8 | M112: 0 | N112: 7 | O112: 852 | P112: T2 | Q112: 2 | R112: R | S112: =IFERROR(IF(T112>=1,EDATE(D112,T112),"غير محدد"),"غير محدد") -> غير محدد | T112: {=IFERROR(MID(R112,MATCH(TRUE,ISNUMBER(1*MID(R112,ROW($1:$13),1)),0),COUNT(1*MID(R112,ROW($1:$13),1))),"غير محدد")} -> غير محدد | U112: تم | V112: =الجدول1[[#This Row],[CO2]]/الجدول1[[#This Row],[CO]] -> 1.064554 | W112: =الجدول1[[#This Row],[C2H2]]/الجدول1[[#This Row],[C2H4]] -> 0 | X112: =الجدول1[[#This Row],[C2H4]]/الجدول1[[#This Row],[C2H6]] -> 0.375 | Y112: =الجدول1[[#This Row],[CH4]]/الجدول1[[#This Row],[H2]] -> 0.25 | Z112: =IFERROR(DATEDIF(S112,TODAY(),"MD") & " ","0 ") -> 0
A113: غرب ملوي | B113: 7T | C113: 220 / 66 | D113: 45119 | E113: =IFERROR(DATEDIF(D113,TODAY(),"YM") & " m " & DATEDIF(D113,TODAY(),"MD") & " D "," ") -> 5 m 4 D | F113: 11553 | G113: 50607 | H113: =الجدول1[[#This Row],[O2]]/الجدول1[[#This Row],[N2]] -> 0.22828858 | I113: 13 | J113: 1367 | K113: 2 | L113: 2 | M113: 0 | N113: 2 | O113: 136 | P113: - | Q113: S1 | R113: A | S113: =IFERROR(IF(T113>=1,EDATE(D113,T113),"غير محدد"),"غير محدد") -> غير محدد | T113: {=IFERROR(MID(R113,MATCH(TRUE,ISNUMBER(1*MID(R113,ROW($1:$13),1)),0),COUNT(1*MID(R113,ROW($1:$13),1))),"غير محدد")} -> غير محدد | U113: تم | V113: =الجدول1[[#This Row],[CO2]]/الجدول1[[#This Row],[CO]] -> 10.051471 | W113: =الجدول1[[#This Row],[C2H2]]/الجدول1[[#This Row],[C2H4]] -> 0 | X113: =الجدول1[[#This Row],[C2H4]]/الجدول1[[#This Row],[C2H6]] -> 1 | Y113: =الجدول1[[#This Row],[CH4]]/الجدول1[[#This Row],[H2]] -> 0.15384615 | Z113: =IFERROR(DATEDIF(S113,TODAY(),"MD") & " ","0 ") -> 0
A114: غرب ملوي | B114: 7T | C114: 220 / 66 | D114: 45875 | E114: =IFERROR(DATEDIF(D114,TODAY(),"YM") & " m " & DATEDIF(D114,TODAY(),"MD") & " D "," ") -> 4 m 10 D | F114: 17282 | G114: 103207 | H114: =الجدول1[[#This Row],[O2]]/الجدول1[[#This Row],[N2]] -> 0.16744988 | I114: 94 | J114: 3322 | K114: 41 | L114: 8 | M114: 0 | N114: 8 | O114: 277 | P114: T3 | Q114: S3 | R114: R3 | S114: =IFERROR(IF(T114>=1,EDATE(D114,T114),"غير محدد"),"غير محدد") -> 45967 | T114: {=IFERROR(MID(R114,MATCH(TRUE,ISNUMBER(1*MID(R114,ROW($1:$13),1)),0),COUNT(1*MID(R114,ROW($1:$13),1))),"غير محدد")} -> 3 | U114: يحتاج الى إعادة | V114: =الجدول1[[#This Row],[CO2]]/الجدول1[[#This Row],[CO]] -> 11.99278 | W114: =الجدول1[[#This Row],[C2H2]]/الجدول1[[#This Row],[C2H4]] -> 0 | X114: =الجدول1[[#This Row],[C2H4]]/الجدول1[[#This Row],[C2H6]] -> 5.125 | Y114: =الجدول1[[#This Row],[CH4]]/الجدول1[[#This Row],[H2]] -> 0.085106383 | Z114: =IFERROR(DATEDIF(S114,TODAY(),"MD") & " ","0 ") -> 10
...

Sheet اسيوط الوادي
A1: المحطة | B1: المحول | C1: الجهد | D1: تاريخ العينة | E1: تاريخ التحليل | F1: حتى اليوم | G1: O2 | H1: N2 | I1: O2/N2 | J1: H2 | K1: CO2 | L1: C2H4 | M1: C2H6 | N1: C2H2 | O1: CH4 | P1: CO | Q1: Result of analysis | R1: DGA | S1: C.Recommended | T1: تاريخ إعادة التحليل | U1: عمود1 | V1: الحالة | W1: CO2 / CO | X1: C2H2/ C2H4 | Y1: C2H4/ C2H6 | Z1: CH4 /H2 | AA1: عمود22
A2: اسمنت أ | B2: 1T | C2: 132/ 6.3 | D2: 44992 | F2: =IFERROR(DATEDIF(D2,TODAY(),"YM") & " m " & DATEDIF(D2,TODAY(),"MD") & " D "," ") -> 9 m 9 D | G2: 11003 | H2: 76018 | I2: =الجدول3[[#This Row],[O2]]/الجدول3[[#This Row],[N2]] -> 0.14474203 | J2: 10 | K2: 8690 | L2: 93 | M2: 2 | N2: 0 | O2: 3 | P2: 706 | Q2: T3 | R2: 2 | S2: R | T2: =IFERROR(IF(V2>=1,EDATE(D2,U2),"غير محدد"),"غير محدد") -> غير محدد | U2: {=IFERROR(MID(S2,MATCH(TRUE,ISNUMBER(1*MID(S2,ROW($1:$10),1)),0),COUNT(1*MID(S2,ROW($1:$10),1))),"غير محدد")} -> غير محدد | V2: تم | W2: ='اسيوط الوادي'!$K2/'اسيوط الوادي'!$P2 -> 12.308782 | X2: =N2/L2 -> 0 | Y2: =L2/M2 -> 46.5 | Z2: =O2/J2 -> 0.3 | AA2: =IFERROR(DATEDIF(T2,TODAY(),"MD") & " ","0 ") -> 0
A3: اسمنت أ | B3: 1T | C3: 132/ 6.3 | D3: 45137 | F3: =IFERROR(DATEDIF(D3,TODAY(),"YM") & " m " & DATEDIF(D3,TODAY(),"MD") & " D "," ") -> 4 m 16 D | G3: 16327 | H3: 66694 | I3: =الجدول3[[#This Row],[O2]]/الجدول3[[#This Row],[N2]] -> 0.24480463 | J3: 27 | K3: 1851 | L3: 34 | M3: 3 | N3: 0 | O3: 3 | P3: 495 | Q3: T3 | R3: S3 | S3: I&R | T3: =IFERROR(IF(V3>=1,EDATE(D3,U3),"غير محدد"),"غير محدد") -> غير محدد | U3: {=IFERROR(MID(S3,MATCH(TRUE,ISNUMBER(1*MID(S3,ROW($1:$10),1)),0),COUNT(1*MID(S3,ROW($1:$10),1))),"غير محدد")} -> غير محدد | V3: تم | W3: ='اسيوط الوادي'!$K3/'اسيوط الوادي'!$P3 -> 3.7393939 | X3: =N3/L3 -> 0 | Y3: =L3/M3 -> 11.333333 | Z3: =O3/J3 -> 0.11111111 | AA3: =IFERROR(DATEDIF(T3,TODAY(),"MD") & " ","0 ") -> 0
A4: اسمنت أ | B4: 1T | C4: 132/ 6.3 | D4: 45148 | F4: =IFERROR(DATEDIF(D4,TODAY(),"YM") & " m " & DATEDIF(D4,TODAY(),"MD") & " D "," ") -> 4 m 6 D | G4: 54846 | H4: 163580 | I4: =الجدول3[[#This Row],[O2]]/الجدول3[[#This Row],[N2]] -> 0.33528549 | J4: 8 | K4: 4515 | L4: 52 | M4: 2 | N4: 0 | O4: 4 | P4: 799 | Q4: T3 | R4: S3 | S4: I&R | T4: =IFERROR(IF(V4>=1,EDATE(D4,U4),"غير محدد"),"غير محدد") -> غير محدد | U4: {=IFERROR(MID(S4,MATCH(TRUE,ISNUMBER(1*MID(S4,ROW($1:$10),1)),0),COUNT(1*MID(S4,ROW($1:$10),1))),"غير محدد")} -> غير محدد | V4: تم | W4: ='اسيوط الوادي'!$K4/'اسيوط الوادي'!$P4 -> 5.6508135 | X4: =N4/L4 -> 0 | Y4: =L4/M4 -> 26 | Z4: =O4/J4 -> 0.5 | AA4: =IFERROR(DATEDIF(T4,TODAY(),"MD") & " ","0 ") -> 0
A5: اسمنت أ | B5: 1T | C5: 132/ 6.3 | D5: 45301 | F5: =IFERROR(DATEDIF(D5,TODAY(),"YM") & " m " & DATEDIF(D5,TODAY(),"MD") & " D "," ") -> 11 m 6 D | G5: 22080 | H5: 62872 | I5: =الجدول3[[#This Row],[O2]]/الجدول3[[#This Row],[N2]] -> 0.35118972 | J5: 15 | K5: 1035 | L5: 8 | M5: 3 | N5: 0 | O5: 4 | P5: 141 | Q5: N | R5: S1 | S5: A | T5: =IFERROR(IF(V5>=1,EDATE(D5,U5),"غير محدد"),"غير محدد") -> غير محدد | U5: {=IFERROR(MID(S5,MATCH(TRUE,ISNUMBER(1*MID(S5,ROW($1:$10),1)),0),COUNT(1*MID(S5,ROW($1:$10),1))),"غير محدد")} -> غير محدد | V5: تم | W5: ='اسيوط الوادي'!$K5/'اسيوط الوادي'!$P5 -> 7.3404255 | X5: =N5/L5 -> 0 | Y5: =L5/M5 -> 2.6666667 | Z5: =O5/J5 -> 0.26666667 | AA5: =IFERROR(DATEDIF(T5,TODAY(),"MD") & " ","0 ") -> 0
A6: اسمنت رمادي | B6: 1T | C6: 66 / 11 | D6: 43935 | F6: =IFERROR(DATEDIF(D6,TODAY(),"YM") & " m " & DATEDIF(D6,TODAY(),"MD") & " D "," ") -> 8 m 2 D | G6: 4313 | H6: 69970 | I6: =الجدول3[[#This Row],[O2]]/الجدول3[[#This Row],[N2]] -> 0.061640703 | J6: 9 | K6: 2811 | L6: 16 | M6: 9 | N6: 0 | O6: 1 | P6: 1153 | Q6: T3 | R6: 2 | S6: S | T6: =IFERROR(IF(V6>=1,EDATE(D6,U6),"غير محدد"),"غير محدد") -> غير محدد | U6: {=IFERROR(MID(S6,MATCH(TRUE,ISNUMBER(1*MID(S6,ROW($1:$10),1)),0),COUNT(1*MID(S6,ROW($1:$10),1))),"غير محدد")} -> غير محدد | V6: تم | W6: ='اسيوط الوادي'!$K6/'اسيوط الوادي'!$P6 -> 2.4379879 | X6: =N6/L6 -> 0 | Y6: =L6/M6 -> 1.7777778 | Z6: =O6/J6 -> 0.11111111 | AA6: =IFERROR(DATEDIF(T6,TODAY(),"MD") & " ","0 ") -> 0
A7: اسمنت رمادي | B7: 2T | C7: 66/11 | D7: 45030 | F7: =IFERROR(DATEDIF(D7,TODAY(),"YM") & " m " & DATEDIF(D7,TODAY(),"MD") & " D "," ") -> 8 m 2 D | G7: 7381 | H7: 77496 | I7: =الجدول3[[#This Row],[O2]]/الجدول3[[#This Row],[N2]] -> 0.095243625 | J7: 25 | K7: 3043 | L7: 3 | M7: 2 | N7: 0 | O7: 4 | P7: 1010 | Q7: T2 | R7: 2 | S7: R | T7: =IFERROR(IF(V7>=1,EDATE(D7,U7),"غير محدد"),"غير محدد") -> غير محدد | U7: {=IFERROR(MID(S7,MATCH(TRUE,ISNUMBER(1*MID(S7,ROW($1:$10),1)),0),COUNT(1*MID(S7,ROW($1:$10),1))),"غير محدد")} -> غير محدد | V7: تم | W7: ='اسيوط الوادي'!$K7/'اسيوط الوادي'!$P7 -> 3.0128713 | X7: =N7/L7 -> 0 | Y7: =L7/M7 -> 1.5 | Z7: =O7/J7 -> 0.16 | AA7: =IFERROR(DATEDIF(T7,TODAY(),"MD") & " ","0 ") -> 0
A8: اسمنت رمادي | B8: 2T | C8: 66/11 | D8: 45175 | F8: =IFERROR(DATEDIF(D8,TODAY(),"YM") & " m " & DATEDIF(D8,TODAY(),"MD") & " D "," ") -> 3 m 10 D | G8: 13805 | H8: 137237 | I8: =الجدول3[[#This Row],[O2]]/الجدول3[[#This Row],[N2]] -> 0.10059241 | J8: 37 | K8: 4119 | L8: 12 | M8: 4 | N8: 0 | O8: 4 | P8: 1096 | Q8: - | R8: S2 | S8: R | T8: =IFERROR(IF(V8>=1,EDATE(D8,U8),"غير محدد"),"غير محدد") -> غير محدد | U8: {=IFERROR(MID(S8,MATCH(TRUE,ISNUMBER(1*MID(S8,ROW($1:$10),1)),0),COUNT(1*MID(S8,ROW($1:$10),1))),"غير محدد")} -> غير محدد | V8: تم | W8: ='اسيوط الوادي'!$K8/'اسيوط الوادي'!$P8 -> 3.7582117 | X8: =N8/L8 -> 0 | Y8: =L8/M8 -> 3 | Z8: =O8/J8 -> 0.10810811 | AA8: =IFERROR(DATEDIF(T8,TODAY(),"MD") & " ","0 ") -> 0
A9: اسمنت رمادي | B9: 2T | C9: 66/11 | D9: 45795 | F9: =IFERROR(DATEDIF(D9,TODAY(),"YM") & " m " & DATEDIF(D9,TODAY(),"MD") & " D "," ") -> 6 m 28 D | G9: 22879 | H9: 81988 | I9: =الجدول3[[#This Row],[O2]]/الجدول3[[#This Row],[N2]] -> 0.27905303 | J9: 43 | K9: 3349 | L9: 4 | M9: 4 | N9: 0 | O9: 4 | P9: 474 | Q9: T2 | R9: S3 | S9: R6 | T9: =IFERROR(IF(V9>=1,EDATE(D9,U9),"غير محدد"),"غير محدد") -> 45979 | U9: {=IFERROR(MID(S9,MATCH(TRUE,ISNUMBER(1*MID(S9,ROW($1:$10),1)),0),COUNT(1*MID(S9,ROW($1:$10),1))),"غير محدد")} -> 6 | V9: يحتاج الى إعادة | W9: ='اسيوط الوادي'!$K9/'اسيوط الوادي'!$P9 -> 7.0654008 | X9: =N9/L9 -> 0 | Y9: =L9/M9 -> 1 | Z9: =O9/J9 -> 0.093023256 | AA9: =IFERROR(DATEDIF(T9,TODAY(),"MD") & " ","0 ") -> 28
A10: الجامعة | B10: 1T | C10: 66 / 11 | D10: 45480 | F10: =IFERROR(DATEDIF(D10,TODAY(),"YM") & " m " & DATEDIF(D10,TODAY(),"MD") & " D "," ") -> 5 m 9 D | G10: 16420 | H10: 71268 | I10: =الجدول3[[#This Row],[O2]]/الجدول3[[#This Row],[N2]] -> 0.23039793 | J10: 51 | K10: 4362 | L10: 17 | M10: 11 | N10: 0 | O10: 1 | P10: 158 | Q10: - | R10: S3 | S10: R1 | T10: =IFERROR(IF(V10>=1,EDATE(D10,U10),"غير محدد"),"غير محدد") -> 45511 | U10: {=IFERROR(MID(S10,MATCH(TRUE,ISNUMBER(1*MID(S10,ROW($1:$10),1)),0),COUNT(1*MID(S10,ROW($1:$10),1))),"غير محدد")} -> 1 | V10: يحتاج الى إعادة | W10: ='اسيوط الوادي'!$K115/'اسيوط الوادي'!$P115 -> 2.9220273 | X10: =N10/L10 -> 0 | Y10: =L10/M10 -> 1.5454545 | Z10: =O10/J10 -> 0.019607843 | AA10: =IFERROR(DATEDIF(T10,TODAY(),"MD") & " ","0 ") -> 9
A11: الخارجة | B11: 5T | C11: 66 / 22 | D11: 45448 | F11: =IFERROR(DATEDIF(D11,TODAY(),"YM") & " m " & DATEDIF(D11,TODAY(),"MD") & " D "," ") -> 6 m 11 D | G11: 703 | H11: 88386 | I11: =الجدول3[[#This Row],[O2]]/الجدول3[[#This Row],[N2]] -> 0.0079537483 | J11: 27 | K11: 1308 | L11: 3 | M11: 242 | N11: 0 | O11: 77 | P11: 239 | Q11: T1 | R11: S3 | S11: R3 | T11: =IFERROR(IF(V11>=1,EDATE(D11,U11),"غير محدد"),"غير محدد") -> 45540 | U11: {=IFERROR(MID(S11,MATCH(TRUE,ISNUMBER(1*MID(S11,ROW($1:$10),1)),0),COUNT(1*MID(S11,ROW($1:$10),1))),"غير محدد")} -> 3 | V11: تم | W11: ='اسيوط الوادي'!$K116/'اسيوط الوادي'!$P116 -> 3.1101647 | X11: =N11/L11 -> 0 | Y11: =L11/M11 -> 0.012396694 | Z11: =O11/J11 -> 2.8518519 | AA11: =IFERROR(DATEDIF(T11,TODAY(),"MD") & " ","0 ") -> 11
A12: الخارجة | B12: 5T | C12: 66 / 22 | D12: 45627 | F12: =IFERROR(DATEDIF(D12,TODAY(),"YM") & " m " & DATEDIF(D12,TODAY(),"MD") & " D "," ") -> 0 m 15 D | G12: 1724 | H12: 71050 | I12: =الجدول3[[#This Row],[O2]]/الجدول3[[#This Row],[N2]] -> 0.024264602 | J12: 6 | K12: 644 | L12: 1 | M12: 123 | N12: 0 | O12: 53 | P12: 139 | Q12: PD | R12: S3 | S12: R3 | T12: =IFERROR(IF(V12>=1,EDATE(D12,U12),"غير محدد"),"غير محدد") -> 45717 | U12: {=IFERROR(MID(S12,MATCH(TRUE,ISNUMBER(1*MID(S12,ROW($1:$10),1)),0),COUNT(1*MID(S12,ROW($1:$10),1))),"غير محدد")} -> 3 | V12: تم | W12: ='اسيوط الوادي'!$K118/'اسيوط الوادي'!$P118 -> 2.4600871 | X12: =N12/L12 -> 0 | Y12: =L12/M12 -> 0.0081300813 | Z12: =O12/J12 -> 8.8333333 | AA12: =IFERROR(DATEDIF(T12,TODAY(),"MD") & " ","0 ") -> 15
A13: الخارجة | B13: 5T | C13: 66 / 22 | D13: 45656 | F13: =IFERROR(DATEDIF(D13,TODAY(),"YM") & " m " & DATEDIF(D13,TODAY(),"MD") & " D "," ") -> 11 m 16 D | G13: 2466 | H13: 70573 | I13: =الجدول3[[#This Row],[O2]]/الجدول3[[#This Row],[N2]] -> 0.034942542 | J13: 10 | K13: 1505 | L13: 2 | M13: 253 | N13: 0 | O13: 78 | P13: 204 | Q13: T1 | R13: S3 | S13: I | T13: =IFERROR(IF(V13>=1,EDATE(D13,U13),"غير محدد"),"غير محدد") -> غير محدد | U13: {=IFERROR(MID(S13,MATCH(TRUE,ISNUMBER(1*MID(S13,ROW($1:$10),1)),0),COUNT(1*MID(S13,ROW($1:$10),1))),"غير محدد")} -> غير محدد | V13: تم | W13: ='اسيوط الوادي'!$K121/'اسيوط الوادي'!$P121 -> 1.9870892 | X13: =N13/L13 -> 0 | Y13: =L13/M13 -> 0.0079051383 | Z13: =O13/J13 -> 7.8 | AA13: =IFERROR(DATEDIF(T13,TODAY(),"MD") & " ","0 ") -> 0
A14: الخارجة | B14: 5T | C14: 66 / 22 | D14: 45802 | F14: =IFERROR(DATEDIF(D14,TODAY(),"YM") & " m " & DATEDIF(D14,TODAY(),"MD") & " D "," ") -> 6 m 21 D | G14: 7599 | H14: 14136 | I14: =الجدول3[[#This Row],[O2]]/الجدول3[[#This Row],[N2]] -> 0.53756367 | J14: 8 | K14: 630 | L14: 1 | M14: 39 | N14: 0 | O14: 3 | P14: 76 | Q14: T2 | R14: S3 | S14: R3 | T14: =IFERROR(IF(V14>=1,EDATE(D14,U14),"غير محدد"),"غير محدد") -> 45894 | U14: {=IFERROR(MID(S14,MATCH(TRUE,ISNUMBER(1*MID(S14,ROW($1:$10),1)),0),COUNT(1*MID(S14,ROW($1:$10),1))),"غير محدد")} -> 3 | V14: تم | W14: ='اسيوط الوادي'!$K122/'اسيوط الوادي'!$P122 -> 2.7248157 | X14: =N14/L14 -> 0 | Y14: =L14/M14 -> 0.025641026 | Z14: =O14/J14 -> 0.375 | AA14: =IFERROR(DATEDIF(T14,TODAY(),"MD") & " ","0 ") -> 21
A15: الخارجة | B15: 5T | C15: 66 / 22 | D15: 45874 | F15: =IFERROR(DATEDIF(D15,TODAY(),"YM") & " m " & DATEDIF(D15,TODAY(),"MD") & " D "," ") -> 4 m 11 D | G15: 5411 | H15: 135625 | I15: =الجدول3[[#This Row],[O2]]/الجدول3[[#This Row],[N2]] -> 0.039896774 | J15: 8 | K15: 13869 | L15: 15 | M15: 2 | N15: 0 | O15: 2 | P15: 1331 | Q15: T3 | R15: S3 | S15: R6 | T15: =IFERROR(IF(V15>=1,EDATE(D15,U15),"غير محدد"),"غير محدد") -> 46058 | U15: {=IFERROR(MID(S15,MATCH(TRUE,ISNUMBER(1*MID(S15,ROW($1:$10),1)),0),COUNT(1*MID(S15,ROW($1:$10),1))),"غير محدد")} -> 6 | V15: يحتاج الى إعادة | W15: ='اسيوط الوادي'!$K123/'اسيوط الوادي'!$P123 -> 2.5820433 | X15: =N15/L15 -> 0 | Y15: =L15/M15 -> 7.5 | Z15: =O15/J15 -> 0.25 | AA15: =IFERROR(DATEDIF(T15,TODAY(),"MD") & " ","0 ") -> 0
A16: الغنايم | B16: 3T | C16: 66 / 11 | D16: 45021 | F16: =IFERROR(DATEDIF(D16,TODAY(),"YM") & " m " & DATEDIF(D16,TODAY(),"MD") & " D "," ") -> 8 m 11 D | G16: 697 | H16: 70367 | I16: =الجدول3[[#This Row],[O2]]/الجدول3[[#This Row],[N2]] -> 0.0099052112 | J16: 11 | K16: 1733 | L16: 14 | M16: 213 | N16: 0 | O16: 94 | P16: 452 | Q16: T3 | R16: S3 | S16: R | T16: =IFERROR(IF(V16>=1,EDATE(D16,U16),"غير محدد"),"غير محدد") -> غير محدد | U16: {=IFERROR(MID(S16,MATCH(TRUE,ISNUMBER(1*MID(S16,ROW($1:$10),1)),0),COUNT(1*MID(S16,ROW($1:$10),1))),"غير محدد")} -> غير محدد | V16: تم | W16: ='اسيوط الوادي'!$K10/'اسيوط الوادي'!$P10 -> 27.607595 | X16: =N16/L16 -> 0 | Y16: =L16/M16 -> 0.0657277 | Z16: =O16/J16 -> 8.5454545 | AA16: =IFERROR(DATEDIF(T16,TODAY(),"MD") & " ","0 ") -> 0
A17: الغنايم | B17: 3T | C17: 66 / 11 | D17: 45175 | F17: =IFERROR(DATEDIF(D17,TODAY(),"YM") & " m " & DATEDIF(D17,TODAY(),"MD") & " D "," ") -> 3 m 10 D | G17: 2069 | H17: 83212 | I17: =الجدول3[[#This Row],[O2]]/الجدول3[[#This Row],[N2]] -> 0.024864202 | J17: 3 | K17: 2539 | L17: 18 | M17: 362 | N17: 0 | O17: 66 | P17: 374 | Q17: T2 | R17: S3 | S17: R | T17: =IFERROR(IF(V17>=1,EDATE(D17,U17),"غير محدد"),"غير محدد") -> غير محدد | U17: {=IFERROR(MID(S17,MATCH(TRUE,ISNUMBER(1*MID(S17,ROW($1:$10),1)),0),COUNT(1*MID(S17,ROW($1:$10),1))),"غير محدد")} -> غير محدد | V17: تم | W17: ='اسيوط الوادي'!$K11/'اسيوط الوادي'!$P11 -> 5.4728033 | X17: =N17/L17 -> 0 | Y17: =L17/M17 -> 0.049723757 | Z17: =O17/J17 -> 22 | AA17: =IFERROR(DATEDIF(T17,TODAY(),"MD") & " ","0 ") -> 0
A18: الغنايم | B18: 3T | C18: 66 / 11 | D18: 45271 | F18: =IFERROR(DATEDIF(D18,TODAY(),"YM") & " m " & DATEDIF(D18,TODAY(),"MD") & " D "," ") -> 0 m 5 D | G18: 7717 | H18: 49591 | I18: =الجدول3[[#This Row],[O2]]/الجدول3[[#This Row],[N2]] -> 0.15561291 | J18: 14 | K18: 1419 | L18: 7 | M18: 214 | N18: 0 | O18: 2 | P18: 191 | Q18: T3 | R18: S3 | S18: R | T18: =IFERROR(IF(V18>=1,EDATE(D18,U18),"غير محدد"),"غير محدد") -> غير محدد | U18: {=IFERROR(MID(S18,MATCH(TRUE,ISNUMBER(1*MID(S18,ROW($1:$10),1)),0),COUNT(1*MID(S18,ROW($1:$10),1))),"غير محدد")} -> غير محدد | V18: تم | W18: ='اسيوط الوادي'!$K12/'اسيوط الوادي'!$P12 -> 4.6330935 | X18: =N18/L18 -> 0 | Y18: =L18/M18 -> 0.03271028 | Z18: =O18/J18 -> 0.14285714 | AA18: =IFERROR(DATEDIF(T18,TODAY(),"MD") & " ","0 ") -> 0
A19: الغنايم | B19: 3T | C19: 66 / 11 | D19: 45420 | F19: =IFERROR(DATEDIF(D19,TODAY(),"YM") & " m " & DATEDIF(D19,TODAY(),"MD") & " D "," ") -> 7 m 8 D | G19: 3930 | H19: 65703 | I19: =الجدول3[[#This Row],[O2]]/الجدول3[[#This Row],[N2]] -> 0.05981462 | J19: 12 | K19: 1463 | L19: 1 | M19: 174 | N19: 0 | O19: 1 | P19: 207 | Q19: - | R19: S2 | S19: R3 | T19: =IFERROR(IF(V19>=1,EDATE(D19,U19),"غير محدد"),"غير محدد") -> 45512 | U19: {=IFERROR(MID(S19,MATCH(TRUE,ISNUMBER(1*MID(S19,ROW($1:$10),1)),0),COUNT(1*MID(S19,ROW($1:$10),1))),"غير محدد")} -> 3 | V19: تم | W19: ='اسيوط الوادي'!$K14/'اسيوط الوادي'!$P14 -> 8.2894737 | X19: =N19/L19 -> 0 | Y19: =L19/M19 -> 0.0057471264 | Z19: =O19/J19 -> 0.083333333 | AA19: =IFERROR(DATEDIF(T19,TODAY(),"MD") & " ","0 ") -> 8
A20: الغنايم | B20: 3T | C20: 66 / 11 | D20: 45544 | F20: =IFERROR(DATEDIF(D20,TODAY(),"YM") & " m " & DATEDIF(D20,TODAY(),"MD") & " D "," ") -> 3 m 7 D | G20: 12346 | H20: 92861 | I20: =الجدول3[[#This Row],[O2]]/الجدول3[[#This Row],[N2]] -> 0.1329514 | J20: 187 | K20: 2138 | L20: 7 | M20: 293 | N20: 0 | O20: 49 | P20: 167 | Q20: - | R20: S3 | S20: R1 | T20: =IFERROR(IF(V20>=1,EDATE(D20,U20),"غير محدد"),"غير محدد") -> 45574 | U20: {=IFERROR(MID(S20,MATCH(TRUE,ISNUMBER(1*MID(S20,ROW($1:$10),1)),0),COUNT(1*MID(S20,ROW($1:$10),1))),"غير محدد")} -> 1 | V20: تم | W20: ='اسيوط الوادي'!$K16/'اسيوط الوادي'!$P16 -> 3.8340708 | X20: =N20/L20 -> 0 | Y20: =L20/M20 -> 0.023890785 | Z20: =O20/J20 -> 0.26203209 | AA20: =IFERROR(DATEDIF(T20,TODAY(),"MD") & " ","0 ") -> 7
A21: الغنايم | B21: 3T | C21: 66 / 11 | D21: 45763 | F21: =IFERROR(DATEDIF(D21,TODAY(),"YM") & " m " & DATEDIF(D21,TODAY(),"MD") & " D "," ") -> 8 m 0 D | G21: 1294 | H21: 55412 | I21: =الجدول3[[#This Row],[O2]]/الجدول3[[#This Row],[N2]] -> 0.023352342 | J21: 21 | K21: 2383 | L21: 20 | M21: 315 | N21: 0 | O21: 1 | P21: 366 | Q21: T3 | R21: S3 | S21: R3 | T21: =IFERROR(IF(V21>=1,EDATE(D21,U21),"غير محدد"),"غير محدد") -> 45854 | U21: {=IFERROR(MID(S21,MATCH(TRUE,ISNUMBER(1*MID(S21,ROW($1:$10),1)),0),COUNT(1*MID(S21,ROW($1:$10),1))),"غير محدد")} -> 3 | V21: تم | W21: ='اسيوط الوادي'!$K17/'اسيوط الوادي'!$P17 -> 6.7887701 | X21: =N21/L21 -> 0 | Y21: =L21/M21 -> 0.063492063 | Z21: =O21/J21 -> 0.047619048 | AA21: =IFERROR(DATEDIF(T21,TODAY(),"MD") & " ","0 ") -> 0
A22: الغنايم | B22: 3T | C22: 66 / 11 | D22: 45874 | F22: =IFERROR(DATEDIF(D22,TODAY(),"YM") & " m " & DATEDIF(D22,TODAY(),"MD") & " D "," ") -> 4 m 11 D | G22: 1550 | H22: 131570 | I22: =الجدول3[[#This Row],[O2]]/الجدول3[[#This Row],[N2]] -> 0.011780801 | J22: 14 | K22: 4680 | L22: 25 | M22: 683 | N22: 0 | O22: 36 | P22: 417 | Q22: T2 | R22: S3 | S22: R3 | T22: =IFERROR(IF(V22>=1,EDATE(D22,U22),"غير محدد"),"غير محدد") -> 45966 | U22: {=IFERROR(MID(S22,MATCH(TRUE,ISNUMBER(1*MID(S22,ROW($1:$10),1)),0),COUNT(1*MID(S22,ROW($1:$10),1))),"غير محدد")} -> 3 | V22: يحتاج الى إعادة | W22: ='اسيوط الوادي'!$K18/'اسيوط الوادي'!$P18 -> 7.4293194 | X22: =N22/L22 -> 0 | Y22: =L22/M22 -> 0.036603221 | Z22: =O22/J22 -> 2.5714286 | AA22: =IFERROR(DATEDIF(T22,TODAY(),"MD") & " ","0 ") -> 11
A23: القوصية | B23: 1T | C23: 66 / 11 | D23: 45874 | F23: =IFERROR(DATEDIF(D23,TODAY(),"YM") & " m " & DATEDIF(D23,TODAY(),"MD") & " D "," ") -> 4 m 11 D | G23: 3691 | H23: 127566 | I23: =الجدول3[[#This Row],[O2]]/الجدول3[[#This Row],[N2]] -> 0.028934042 | J23: 53 | K23: 6099 | L23: 36 | M23: 292 | N23: 0 | O23: 45 | P23: 659 | Q23: T2 | R23: S3 | S23: R3 | T23: =IFERROR(IF(V23>=1,EDATE(D23,U23),"غير محدد"),"غير محدد") -> 45966 | U23: {=IFERROR(MID(S23,MATCH(TRUE,ISNUMBER(1*MID(S23,ROW($1:$10),1)),0),COUNT(1*MID(S23,ROW($1:$10),1))),"غير محدد")} -> 3 | V23: يحتاج الى إعادة | W23: ='اسيوط الوادي'!$K16/'اسيوط الوادي'!$P16 -> 3.8340708 | X23: =N23/L23 -> 0 | Y23: =L23/M23 -> 0.12328767 | Z23: =O23/J23 -> 0.8490566 | AA23: =IFERROR(DATEDIF(T23,TODAY(),"MD") & " ","0 ") -> 11
A24: القوصية | B24: 2T | C24: 66 / 11 | D24: 45874 | F24: =IFERROR(DATEDIF(D24,TODAY(),"YM") & " m " & DATEDIF(D24,TODAY(),"MD") & " D "," ") -> 4 m 11 D | G24: 4667 | H24: 120899 | I24: =الجدول3[[#This Row],[O2]]/الجدول3[[#This Row],[N2]] -> 0.03860247 | J24: 238 | K24: 6544 | L24: 22 | M24: 285 | N24: 0 | O24: 38 | P24: 615 | Q24: T3 | R24: S3 | S24: R1 | T24: =IFERROR(IF(V24>=1,EDATE(D24,U24),"غير محدد"),"غير محدد") -> 45905 | U24: {=IFERROR(MID(S24,MATCH(TRUE,ISNUMBER(1*MID(S24,ROW($1:$10),1)),0),COUNT(1*MID(S24,ROW($1:$10),1))),"غير محدد")} -> 1 | V24: يحتاج الى إعادة | W24: ='اسيوط الوادي'!$K17/'اسيوط الوادي'!$P17 -> 6.7887701 | X24: =N24/L24 -> 0 | Y24: =L24/M24 -> 0.077192982 | Z24: =O24/J24 -> 0.15966387 | AA24: =IFERROR(DATEDIF(T24,TODAY(),"MD") & " ","0 ") -> 11
A25: القوصية | B25: 3T | C25: 66 / 11 | D25: 45553 | F25: =IFERROR(DATEDIF(D25,TODAY(),"YM") & " m " & DATEDIF(D25,TODAY(),"MD") & " D "," ") -> 2 m 28 D | G25: 8054 | H25: 131620 | I25: =الجدول3[[#This Row],[O2]]/الجدول3[[#This Row],[N2]] -> 0.061191308 | J25: 430 | K25: 2944 | L25: 13 | M25: 210 | N25: 0 | O25: 23 | P25: 695 | Q25: - | R25: S3 | S25: R1 | T25: =IFERROR(IF(V25>=1,EDATE(D25,U25),"غير محدد"),"غير محدد") -> 45583 | U25: {=IFERROR(MID(S25,MATCH(TRUE,ISNUMBER(1*MID(S25,ROW($1:$10),1)),0),COUNT(1*MID(S25,ROW($1:$10),1))),"غير محدد")} -> 1 | V25: تم | W25: ='اسيوط الوادي'!$K18/'اسيوط الوادي'!$P18 -> 7.4293194 | X25: =N25/L25 -> 0 | Y25: =L25/M25 -> 0.061904762 | Z25: =O25/J25 -> 0.053488372 | AA25: =IFERROR(DATEDIF(T25,TODAY(),"MD") & " ","0 ") -> 28
A26: القوصية | B26: 3T | C26: 66 / 11 | D26: 45754 | F26: =IFERROR(DATEDIF(D26,TODAY(),"YM") & " m " & DATEDIF(D26,TODAY(),"MD") & " D "," ") -> 8 m 9 D | G26: 7643 | H26: 52669 | I26: =الجدول3[[#This Row],[O2]]/الجدول3[[#This Row],[N2]] -> 0.14511382 | J26: 108 | K26: 3639 | L26: 12 | M26: 111 | N26: 0 | O26: 1 | P26: 429 | Q26: T3 | R26: S3 | S26: R1 | T26: =IFERROR(IF(V26>=1,EDATE(D26,U26),"غير محدد"),"غير محدد") -> 45784 | U26: {=IFERROR(MID(S26,MATCH(TRUE,ISNUMBER(1*MID(S26,ROW($1:$10),1)),0),COUNT(1*MID(S26,ROW($1:$10),1))),"غير محدد")} -> 1 | V26: يحتاج الى إعادة | W26: ='اسيوط الوادي'!$K17/'اسيوط الوادي'!$P17 -> 6.7887701 | X26: =N26/L26 -> 0 | Y26: =L26/M26 -> 0.10810811 | Z26: =O26/J26 -> 0.0092592593 | AA26: =IFERROR(DATEDIF(T26,TODAY(),"MD") & " ","0 ") -> 9
A27: القوصية | B27: 3T | C27: 66 / 11 | D27: 45754 | F27: =IFERROR(DATEDIF(D27,TODAY(),"YM") & " m " & DATEDIF(D27,TODAY(),"MD") & " D "," ") -> 8 m 9 D | G27: 7643 | H27: 52669 | I27: =الجدول3[[#This Row],[O2]]/الجدول3[[#This Row],[N2]] -> 0.14511382 | J27: 108 | K27: 3639 | L27: 12 | M27: 111 | N27: 0 | O27: 1 | P27: 429 | Q27: T3 | R27: S3 | S27: R1 | T27: =IFERROR(IF(V27>=1,EDATE(D27,U27),"غير محدد"),"غير محدد") -> 45784 | U27: {=IFERROR(MID(S27,MATCH(TRUE,ISNUMBER(1*MID(S27,ROW($1:$10),1)),0),COUNT(1*MID(S27,ROW($1:$10),1))),"غير محدد")} -> 1 | V27: تم | W27: ='اسيوط الوادي'!$K19/'اسيوط الوادي'!$P19 -> 7.0676329 | X27: =N27/L27 -> 0 | Y27: =L27/M27 -> 0.10810811 | Z27: =O27/J27 -> 0.0092592593 | AA27: =IFERROR(DATEDIF(T27,TODAY(),"MD") & " ","0 ") -> 9
A28: القوصية | B28: 3T | C28: 66 / 11 | D28: 45809 | F28: =IFERROR(DATEDIF(D28,TODAY(),"YM") & " m " & DATEDIF(D28,TODAY(),"MD") & " D "," ") -> 6 m 15 D | G28: 5931 | H28: 58951 | I28: =الجدول3[[#This Row],[O2]]/الجدول3[[#This Row],[N2]] -> 0.10060898 | J28: 96 | K28: 2017 | L28: 2 | M28: 57 | N28: 0 | O28: 6 | P28: 180 | Q28: T2 | R28: S3 | S28: R1 | T28: =IFERROR(IF(V28>=1,EDATE(D28,U28),"غير محدد"),"غير محدد") -> 45839 | U28: {=IFERROR(MID(S28,MATCH(TRUE,ISNUMBER(1*MID(S28,ROW($1:$10),1)),0),COUNT(1*MID(S28,ROW($1:$10),1))),"غير محدد")} -> 1 | V28: يحتاج الى إعادة | W28: ='اسيوط الوادي'!$K20/'اسيوط الوادي'!$P20 -> 12.802395 | X28: =N28/L28 -> 0 | Y28: =L28/M28 -> 0.035087719 | Z28: =O28/J28 -> 0.0625 | AA28: =IFERROR(DATEDIF(T28,TODAY(),"MD") & " ","0 ") -> 15
A29: أبو تيج | B29: 1T | C29: 220 / 66 | D29: 45098 | F29: =IFERROR(DATEDIF(D29,TODAY(),"YM") & " m " & DATEDIF(D29,TODAY(),"MD") & " D "," ") -> 5 m 25 D | G29: 27474 | H29: 110387 | I29: =الجدول3[[#This Row],[O2]]/الجدول3[[#This Row],[N2]] -> 0.248888 | J29: 17 | K29: 1360 | L29: 2 | M29: 4 | N29: 0 | O29: 1 | P29: 204 | Q29: N | R29: 1 | S29: S | T29: =IFERROR(IF(V29>=1,EDATE(D29,U29),"غير محدد"),"غير محدد") -> غير محدد | U29: {=IFERROR(MID(S29,MATCH(TRUE,ISNUMBER(1*MID(S29,ROW($1:$10),1)),0),COUNT(1*MID(S29,ROW($1:$10),1))),"غير محدد")} -> غير محدد | V29: تم | W29: ='اسيوط الوادي'!$K18/'اسيوط الوادي'!$P18 -> 7.4293194 | X29: =N29/L29 -> 0 | Y29: =L29/M29 -> 0.5 | Z29: =O29/J29 -> 0.058823529 | AA29: =IFERROR(DATEDIF(T29,TODAY(),"MD") & " ","0 ") -> 0
A30: أبو طرطور | B30: 1T | C30: 220 / 66 | D30: 45068 | F30: =IFERROR(DATEDIF(D30,TODAY(),"YM") & " m " & DATEDIF(D30,TODAY(),"MD") & " D "," ") -> 6 m 24 D | G30: 16118 | H30: 97165 | I30: =الجدول3[[#This Row],[O2]]/الجدول3[[#This Row],[N2]] -> 0.16588278 | J30: 101 | K30: 3054 | L30: 5 | M30: 2 | N30: 0 | O30: 1 | P30: 852 | Q30: T3 | R30: 2 | S30: R | T30: =IFERROR(IF(V30>=1,EDATE(D30,U30),"غير محدد"),"غير محدد") -> غير محدد | U30: {=IFERROR(MID(S30,MATCH(TRUE,ISNUMBER(1*MID(S30,ROW($1:$10),1)),0),COUNT(1*MID(S30,ROW($1:$10),1))),"غير محدد")} -> غير محدد | V30: يحتاج الى إعادة | W30: ='اسيوط الوادي'!$K19/'اسيوط الوادي'!$P19 -> 7.0676329 | X30: =N30/L30 -> 0 | Y30: =L30/M30 -> 2.5 | Z30: =O30/J30 -> 0.0099009901 | AA30: =IFERROR(DATEDIF(T30,TODAY(),"MD") & " ","0 ") -> 0
A31: أبو طرطور | B31: 2T | C31: 220 / 66 | D31: 45802 | F31: =IFERROR(DATEDIF(D31,TODAY(),"YM") & " m " & DATEDIF(D31,TODAY(),"MD") & " D "," ") -> 6 m 21 D | G31: 7819 | H31: 104964 | I31: =الجدول3[[#This Row],[O2]]/الجدول3[[#This Row],[N2]] -> 0.074492207 | J31: 16 | K31: 3425 | L31: 4 | M31: 15 | N31: 0 | O31: 9 | P31: 914 | Q31: T2 | R31: S3 | S31: R1 | T31: =IFERROR(IF(V31>=1,EDATE(D31,U31),"غير محدد"),"غير محدد") -> 45833 | U31: {=IFERROR(MID(S31,MATCH(TRUE,ISNUMBER(1*MID(S31,ROW($1:$10),1)),0),COUNT(1*MID(S31,ROW($1:$10),1))),"غير محدد")} -> 1 | V31: يحتاج الى إعادة | W31: ='اسيوط الوادي'!$K20/'اسيوط الوادي'!$P20 -> 12.802395 | X31: =N31/L31 -> 0 | Y31: =L31/M31 -> 0.26666667 | Z31: =O31/J31 -> 0.5625 | AA31: =IFERROR(DATEDIF(T31,TODAY(),"MD") & " ","0 ") -> 21
A32: أبو طرطور | B32: 4T | C32: 66 / 22 | D32: 45874 | F32: =IFERROR(DATEDIF(D32,TODAY(),"YM") & " m " & DATEDIF(D32,TODAY(),"MD") & " D "," ") -> 4 m 11 D | G32: 3835 | H32: 141626 | I32: =الجدول3[[#This Row],[O2]]/الجدول3[[#This Row],[N2]] -> 0.027078361 | J32: 43 | K32: 14322 | L32: 406 | M32: 71 | N32: 0 | O32: 8 | P32: 1028 | Q32: T3 | R32: S3 | S32: R6 | T32: =IFERROR(IF(V32>=1,EDATE(D32,U32),"غير محدد"),"غير محدد") -> 46058 | U32: {=IFERROR(MID(S32,MATCH(TRUE,ISNUMBER(1*MID(S32,ROW($1:$10),1)),0),COUNT(1*MID(S32,ROW($1:$10),1))),"غير محدد")} -> 6 | V32: يحتاج الى إعادة | W32: ='اسيوط الوادي'!$K21/'اسيوط الوادي'!$P21 -> 6.510929 | X32: =N32/L32 -> 0 | Y32: =L32/M32 -> 5.7183099 | Z32: =O32/J32 -> 0.18604651 | AA32: =IFERROR(DATEDIF(T32,TODAY(),"MD") & " ","0 ") -> 0
A33: أسيوط 1 | B33: 1T | C33: 66 / 11 | D33: 45361 | F33: =IFERROR(DATEDIF(D33,TODAY(),"YM") & " m " & DATEDIF(D33,TODAY(),"MD") & " D "," ") -> 9 m 6 D | G33: 3877 | H33: 81309 | I33: =الجدول3[[#This Row],[O2]]/الجدول3[[#This Row],[N2]] -> 0.047682298 | J33: 396 | K33: 3342 | L33: 36 | M33: 17 | N33: 0 | O33: 3 | P33: 326 | Q33: T3 | R33: S3 | S33: R1 | T33: =IFERROR(IF(V33>=1,EDATE(D33,U33),"غير محدد"),"غير محدد") -> 45392 | U33: {=IFERROR(MID(S33,MATCH(TRUE,ISNUMBER(1*MID(S33,ROW($1:$10),1)),0),COUNT(1*MID(S33,ROW($1:$10),1))),"غير محدد")} -> 1 | V33: تم | W33: ='اسيوط الوادي'!$K20/'اسيوط الوادي'!$P20 -> 12.802395 | X33: =N33/L33 -> 0 | Y33: =L33/M33 -> 2.1176471 | Z33: =O33/J33 -> 0.0075757576 | AA33: =IFERROR(DATEDIF(T33,TODAY(),"MD") & " ","0 ") -> 6
A34: أسيوط 1 | B34: 3T | C34: 66 / 11 | D34: 45544 | F34: =IFERROR(DATEDIF(D34,TODAY(),"YM") & " m " & DATEDIF(D34,TODAY(),"MD") & " D "," ") -> 3 m 7 D | G34: 2053 | H34: 65576 | I34: =الجدول3[[#This Row],[O2]]/الجدول3[[#This Row],[N2]] -> 0.031307186 | J34: 415 | K34: 2055 | L34: 1 | M34: 22 | N34: 0 | O34: 7 | P34: 390 | Q34: - | R34: S3 | S34: R1 | T34: =IFERROR(IF(V34>=1,EDATE(D34,U34),"غير محدد"),"غير محدد") -> 45574 | U34: {=IFERROR(MID(S34,MATCH(TRUE,ISNUMBER(1*MID(S34,ROW($1:$10),1)),0),COUNT(1*MID(S34,ROW($1:$10),1))),"غير محدد")} -> 1 | V34: تم | W34: ='اسيوط الوادي'!$K25/'اسيوط الوادي'!$P25 -> 4.2359712 | X34: =N34/L34 -> 0 | Y34: =L34/M34 -> 0.045454545 | Z34: =O34/J34 -> 0.01686747 | AA34: =IFERROR(DATEDIF(T34,TODAY(),"MD") & " ","0 ") -> 7
A35: أسيوط 1 | B35: 3T | C35: 66 / 11 | D35: 45789 | F35: =IFERROR(DATEDIF(D35,TODAY(),"YM") & " m " & DATEDIF(D35,TODAY(),"MD") & " D "," ") -> 7 m 4 D | G35: 17980 | H35: 91340 | I35: =الجدول3[[#This Row],[O2]]/الجدول3[[#This Row],[N2]] -> 0.19684695 | J35: 303 | K35: 2539 | L35: 2 | M35: 19 | N35: 0 | O35: 5 | P35: 288 | Q35: T2 | R35: S3 | S35: R1 | T35: =IFERROR(IF(V35>=1,EDATE(D35,U35),"غير محدد"),"غير محدد") -> 45820 | U35: {=IFERROR(MID(S35,MATCH(TRUE,ISNUMBER(1*MID(S35,ROW($1:$10),1)),0),COUNT(1*MID(S35,ROW($1:$10),1))),"غير محدد")} -> 1 | V35: تم | W35: ='اسيوط الوادي'!$K25/'اسيوط الوادي'!$P25 -> 4.2359712 | X35: =N35/L35 -> 0 | Y35: =L35/M35 -> 0.10526316 | Z35: =O35/J35 -> 0.01650165 | AA35: =IFERROR(DATEDIF(T35,TODAY(),"MD") & " ","0 ") -> 4
A36: أسيوط 1 | B36: 3T | C36: 66 / 11 | D36: 45874 | F36: =IFERROR(DATEDIF(D36,TODAY(),"YM") & " m " & DATEDIF(D36,TODAY(),"MD") & " D "," ") -> 4 m 11 D | G36: 1351 | H36: 109443 | I36: =الجدول3[[#This Row],[O2]]/الجدول3[[#This Row],[N2]] -> 0.012344325 | J36: 460 | K36: 9876 | L36: 5 | M36: 188 | N36: 0 | O36: 2 | P36: 541 | Q36: T3 | R36: S3 | S36: R1 | T36: =IFERROR(IF(V36>=1,EDATE(D36,U36),"غير محدد"),"غير محدد") -> 45905 | U36: {=IFERROR(MID(S36,MATCH(TRUE,ISNUMBER(1*MID(S36,ROW($1:$10),1)),0),COUNT(1*MID(S36,ROW($1:$10),1))),"غير محدد")} -> 1 | V36: يحتاج الى إعادة | W36: ='اسيوط الوادي'!$K26/'اسيوط الوادي'!$P26 -> 8.4825175 | X36: =N36/L36 -> 0 | Y36: =L36/M36 -> 0.026595745 | Z36: =O36/J36 -> 0.0043478261 | AA36: =IFERROR(DATEDIF(T36,TODAY(),"MD") & " ","0 ") -> 11
A37: أسيوط 2 | B37: 1T | C37: 66 / 11 | D37: 45137 | F37: =IFERROR(DATEDIF(D37,TODAY(),"YM") & " m " & DATEDIF(D37,TODAY(),"MD") & " D "," ") -> 4 m 16 D | G37: 2287 | H37: 73299 | I37: =الجدول3[[#This Row],[O2]]/الجدول3[[#This Row],[N2]] -> 0.031200971 | J37: 246 | K37: 2015 | L37: 10 | M37: 112 | N37: 0 | O37: 29 | P37: 303 | Q37: - | R37: S2 | S37: R | T37: =IFERROR(IF(V37>=1,EDATE(D37,U37),"غير محدد"),"غير محدد") -> غير محدد | U37: {=IFERROR(MID(S37,MATCH(TRUE,ISNUMBER(1*MID(S37,ROW($1:$10),1)),0),COUNT(1*MID(S37,ROW($1:$10),1))),"غير محدد")} -> غير محدد | V37: تم | W37: ='اسيوط الوادي'!$K29/'اسيوط الوادي'!$P29 -> 6.6666667 | X37: =N37/L37 -> 0 | Y37: =L37/M37 -> 0.089285714 | Z37: =O37/J37 -> 0.11788618 | AA37: =IFERROR(DATEDIF(T37,TODAY(),"MD") & " ","0 ") -> 0
A38: أسيوط 2 | B38: 1T | C38: 11/66 | D38: 45236 | F38: =IFERROR(DATEDIF(D38,TODAY(),"YM") & " m " & DATEDIF(D38,TODAY(),"MD") & " D "," ") -> 1 m 10 D | G38: 16684 | H38: 192523 | I38: =الجدول3[[#This Row],[O2]]/الجدول3[[#This Row],[N2]] -> 0.086659776 | J38: 264 | K38: 5468 | L38: 9 | M38: 159 | N38: 0 | O38: 11 | P38: 516 | Q38: T2 | R38: S3 | S38: R&I | T38: =IFERROR(IF(V38>=1,EDATE(D38,U38),"غير محدد"),"غير محدد") -> غير محدد | U38: {=IFERROR(MID(S38,MATCH(TRUE,ISNUMBER(1*MID(S38,ROW($1:$10),1)),0),COUNT(1*MID(S38,ROW($1:$10),1))),"غير محدد")} -> غير محدد | V38: تم | W38: ='اسيوط الوادي'!$K30/'اسيوط الوادي'!$P30 -> 3.584507 | X38: =N38/L38 -> 0 | Y38: =L38/M38 -> 0.056603774 | Z38: =O38/J38 -> 0.041666667 | AA38: =IFERROR(DATEDIF(T38,TODAY(),"MD") & " ","0 ") -> 0
A39: أسيوط 2 | B39: 1T | C39: 11/66 | D39: 45544 | F39: =IFERROR(DATEDIF(D39,TODAY(),"YM") & " m " & DATEDIF(D39,TODAY(),"MD") & " D "," ") -> 3 m 7 D | G39: 126444 | H39: 746774 | I39: =الجدول3[[#This Row],[O2]]/الجدول3[[#This Row],[N2]] -> 0.1693203 | J39: 393 | K39: 4833 | L39: 3 | M39: 101 | N39: 0 | O39: 20 | P39: 574 | Q39: - | R39: S3 | S39: R1 | T39: =IFERROR(IF(V39>=1,EDATE(D39,U39),"غير محدد"),"غير محدد") -> 45574 | U39: {=IFERROR(MID(S39,MATCH(TRUE,ISNUMBER(1*MID(S39,ROW($1:$10),1)),0),COUNT(1*MID(S39,ROW($1:$10),1))),"غير محدد")} -> 1 | V39: يحتاج الى إعادة | W39: ='اسيوط الوادي'!$K33/'اسيوط الوادي'!$P33 -> 10.251534 | X39: =N39/L39 -> 0 | Y39: =L39/M39 -> 0.02970297 | Z39: =O39/J39 -> 0.050890585 | AA39: =IFERROR(DATEDIF(T39,TODAY(),"MD") & " ","0 ") -> 7
A40: أسيوط 2 | B40: 2T | C40: 66 / 11 | D40: 45137 | F40: =IFERROR(DATEDIF(D40,TODAY(),"YM") & " m " & DATEDIF(D40,TODAY(),"MD") & " D "," ") -> 4 m 16 D | G40: 16103 | H40: 151265 | I40: =الجدول3[[#This Row],[O2]]/الجدول3[[#This Row],[N2]] -> 0.10645556 | J40: 121 | K40: 4041 | L40: 13 | M40: 22 | N40: 0 | O40: 17 | P40: 632 | Q40: - | R40: S2 | S40: R | T40: =IFERROR(IF(V40>=1,EDATE(D40,U40),"غير محدد"),"غير محدد") -> غير محدد | U40: {=IFERROR(MID(S40,MATCH(TRUE,ISNUMBER(1*MID(S40,ROW($1:$10),1)),0),COUNT(1*MID(S40,ROW($1:$10),1))),"غير محدد")} -> غير محدد | V40: تم | W40: ='اسيوط الوادي'!$K34/'اسيوط الوادي'!$P34 -> 5.2692308 | X40: =N40/L40 -> 0 | Y40: =L40/M40 -> 0.59090909 | Z40: =O40/J40 -> 0.14049587 | AA40: =IFERROR(DATEDIF(T40,TODAY(),"MD") & " ","0 ") -> 0
A41: أسيوط 2 | B41: 2T | C41: 66 / 11 | D41: 45207 | F41: =IFERROR(DATEDIF(D41,TODAY(),"YM") & " m " & DATEDIF(D41,TODAY(),"MD") & " D "," ") -> 2 m 8 D | G41: 13573 | H41: 179560 | I41: =الجدول3[[#This Row],[O2]]/الجدول3[[#This Row],[N2]] -> 0.075590332 | J41: 37 | K41: 8376 | L41: 8 | M41: 4 | N41: 0 | O41: 1 | P41: 595 | Q41: T3 | R41: S3 | S41: I&R | T41: =IFERROR(IF(V41>=1,EDATE(D41,U41),"غير محدد"),"غير محدد") -> غير محدد | U41: {=IFERROR(MID(S41,MATCH(TRUE,ISNUMBER(1*MID(S41,ROW($1:$10),1)),0),COUNT(1*MID(S41,ROW($1:$10),1))),"غير محدد")} -> غير محدد | V41: يحتاج الى إعادة | W41: ='اسيوط الوادي'!$K37/'اسيوط الوادي'!$P37 -> 6.650165 | X41: =N41/L41 -> 0 | Y41: =L41/M41 -> 2 | Z41: =O41/J41 -> 0.027027027 | AA41: =IFERROR(DATEDIF(T41,TODAY(),"MD") & " ","0 ") -> 0
A42: أسيوط 2 | B42: 3T | C42: 66 / 11 | D42: 45137 | F42: =IFERROR(DATEDIF(D42,TODAY(),"YM") & " m " & DATEDIF(D42,TODAY(),"MD") & " D "," ") -> 4 m 16 D | G42: 4594 | H42: 91142 | I42: =الجدول3[[#This Row],[O2]]/الجدول3[[#This Row],[N2]] -> 0.050404863 | J42: 123 | K42: 4012 | L42: 7 | M42: 17 | N42: 0 | O42: 14 | P42: 480 | Q42: - | R42: S2 | S42: R | T42: =IFERROR(IF(V42>=1,EDATE(D42,U42),"غير محدد"),"غير محدد") -> غير محدد | U42: {=IFERROR(MID(S42,MATCH(TRUE,ISNUMBER(1*MID(S42,ROW($1:$10),1)),0),COUNT(1*MID(S42,ROW($1:$10),1))),"غير محدد")} -> غير محدد | V42: تم | W42: ='اسيوط الوادي'!$K38/'اسيوط الوادي'!$P38 -> 10.596899 | X42: =N42/L42 -> 0 | Y42: =L42/M42 -> 0.41176471 | Z42: =O42/J42 -> 0.11382114 | AA42: =IFERROR(DATEDIF(T42,TODAY(),"MD") & " ","0 ") -> 0
A43: أسيوط 2 | B43: 3T | C43: 66 / 11 | D43: 45907 | F43: =IFERROR(DATEDIF(D43,TODAY(),"YM") & " m " & DATEDIF(D43,TODAY(),"MD") & " D "," ") -> 3 m 9 D | G43: 100452 | H43: 672053 | I43: =الجدول3[[#This Row],[O2]]/الجدول3[[#This Row],[N2]] -> 0.14947035 | J43: 22 | K43: 7080 | L43: 3 | M43: 3 | N43: 0 | O43: 2 | P43: 528 | Q43: T3 | R43: S3 | S43: R6 | T43: =IFERROR(IF(V43>=1,EDATE(D43,U43),"غير محدد"),"غير محدد") -> 46088 | U43: {=IFERROR(MID(S43,MATCH(TRUE,ISNUMBER(1*MID(S43,ROW($1:$10),1)),0),COUNT(1*MID(S43,ROW($1:$10),1))),"غير محدد")} -> 6 | V43: يحتاج الى إعادة | W43: ='اسيوط الوادي'!$K39/'اسيوط الوادي'!$P39 -> 8.4198606 | X43: =N43/L43 -> 0 | Y43: =L43/M43 -> 1 | Z43: =O43/J43 -> 0.090909091 | AA43: =IFERROR(DATEDIF(T43,TODAY(),"MD") & " ","0 ") -> 0
A44: أسيوط 2 | B44: 4T | C44: 66 / 11 | D44: 45137 | F44: =IFERROR(DATEDIF(D44,TODAY(),"YM") & " m " & DATEDIF(D44,TODAY(),"MD") & " D "," ") -> 4 m 16 D | G44: 3516 | H44: 85071 | I44: =الجدول3[[#This Row],[O2]]/الجدول3[[#This Row],[N2]] -> 0.041330183 | J44: 271 | K44: 2637 | L44: 24 | M44: 147 | N44: 24 | O44: 35 | P44: 448 | Q44: - | R44: S2 | S44: R | T44: =IFERROR(IF(V44>=1,EDATE(D44,U44),"غير محدد"),"غير محدد") -> غير محدد | U44: {=IFERROR(MID(S44,MATCH(TRUE,ISNUMBER(1*MID(S44,ROW($1:$10),1)),0),COUNT(1*MID(S44,ROW($1:$10),1))),"غير محدد")} -> غير محدد | V44: تم | W44: ='اسيوط الوادي'!$K39/'اسيوط الوادي'!$P39 -> 8.4198606 | X44: =N44/L44 -> 1 | Y44: =L44/M44 -> 0.16326531 | Z44: =O44/J44 -> 0.12915129 | AA44: =IFERROR(DATEDIF(T44,TODAY(),"MD") & " ","0 ") -> 0
A45: أسيوط 2 | B45: 4T | C45: 66 / 11 | D45: 45207 | F45: =IFERROR(DATEDIF(D45,TODAY(),"YM") & " m " & DATEDIF(D45,TODAY(),"MD") & " D "," ") -> 2 m 8 D | G45: 9844 | H45: 53208 | I45: =الجدول3[[#This Row],[O2]]/الجدول3[[#This Row],[N2]] -> 0.18500977 | J45: 26 | K45: 1081 | L45: 3 | M45: 3 | N45: 0 | O45: 1 | P45: 225 | Q45: N | R45: S1 | S45: A | T45: =IFERROR(IF(V45>=1,EDATE(D45,U45),"غير محدد"),"غير محدد") -> غير محدد | U45: {=IFERROR(MID(S45,MATCH(TRUE,ISNUMBER(1*MID(S45,ROW($1:$10),1)),0),COUNT(1*MID(S45,ROW($1:$10),1))),"غير محدد")} -> غير محدد | V45: تم | W45: ='اسيوط الوادي'!$K40/'اسيوط الوادي'!$P40 -> 6.3939873 | X45: =N45/L45 -> 0 | Y45: =L45/M45 -> 1 | Z45: =O45/J45 -> 0.038461538 | AA45: =IFERROR(DATEDIF(T45,TODAY(),"MD") & " ","0 ") -> 0
A46: أسيوط 2 | B46: 4T | C46: 66 / 11 | D46: 45907 | F46: =IFERROR(DATEDIF(D46,TODAY(),"YM") & " m " & DATEDIF(D46,TODAY(),"MD") & " D "," ") -> 3 m 9 D | G46: 19474 | H46: 236538 | I46: =الجدول3[[#This Row],[O2]]/الجدول3[[#This Row],[N2]] -> 0.082329266 | J46: 17 | K46: 8422 | L46: 5 | M46: 6 | N46: 0 | O46: 3 | P46: 347 | Q46: T3 | R46: S3 | S46: R6 | T46: =IFERROR(IF(V46>=1,EDATE(D46,U46),"غير محدد"),"غير محدد") -> 46088 | U46: {=IFERROR(MID(S46,MATCH(TRUE,ISNUMBER(1*MID(S46,ROW($1:$10),1)),0),COUNT(1*MID(S46,ROW($1:$10),1))),"غير محدد")} -> 6 | V46: تم | W46: ='اسيوط الوادي'!$K41/'اسيوط الوادي'!$P41 -> 14.077311 | X46: =N46/L46 -> 0 | Y46: =L46/M46 -> 0.83333333 | Z46: =O46/J46 -> 0.17647059 | AA46: =IFERROR(DATEDIF(T46,TODAY(),"MD") & " ","0 ") -> 0
A47: أسيوط 500 | B47: 1T | C47: 220 / 66 | D47: 43935 | F47: =IFERROR(DATEDIF(D47,TODAY(),"YM") & " m " & DATEDIF(D47,TODAY(),"MD") & " D "," ") -> 8 m 2 D | G47: 23458 | H47: 79388 | I47: =الجدول3[[#This Row],[O2]]/الجدول3[[#This Row],[N2]] -> 0.29548546 | J47: 4 | K47: 926 | L47: 3 | M47: 6 | N47: 0 | O47: 1 | P47: 116 | Q47: N | S47: N | T47: =IFERROR(IF(V47>=1,EDATE(D47,U47),"غير محدد"),"غير محدد") -> غير محدد | U47: {=IFERROR(MID(S47,MATCH(TRUE,ISNUMBER(1*MID(S47,ROW($1:$10),1)),0),COUNT(1*MID(S47,ROW($1:$10),1))),"غير محدد")} -> غير محدد | V47: تم | W47: ='اسيوط الوادي'!$K41/'اسيوط الوادي'!$P41 -> 14.077311 | X47: =N47/L47 -> 0 | Y47: =L47/M47 -> 0.5 | Z47: =O47/J47 -> 0.25 | AA47: =IFERROR(DATEDIF(T47,TODAY(),"MD") & " ","0 ") -> 0
